Melt temperature,Mold temperature,time_to_fill,ZDx - Plasticizing time,ZUx - Cycle time,SKx - Closing force,SKs - Clamping force peak value,Ms - Torque peak value current cycle,Mm - Torque mean value current cycle,APSs - Specific back pressure peak value,APVs - Specific injection pressure peak value,CPn - Screw position at the end of hold pressure,SVo - Shot volume,quality
105.944,80.411,6.864,3.16,74.81,920.8398389861608,926.3,120.5,104.3,145.9,920.2,8.68,18.77,1
105.449,81.343,6.968,3.16,74.83,901.6,896.8,113.9,106.48600513038112,146,882.3,8.85,18.77,1
106.282,81.294,6.968,3.2,74.82,911.6,927.8,116.9,104.6,146,909.4,8.82,18.75,2
105.796,80.722,6.968,3.29,74.82,918,934.6,116.3,105.9,146.3,896.5,8.81,18.75,2
106.083,82.074,10.972,2.94,75.61,900.7,916,118.4,103.1,145.2,880.7,8.77,18.8,3
106.173,81.293,6.968,3.23,74.81,907.3,925.6,116.6,103.5,146.2,916.8,8.81,18.75,2
106.114,81.97,11.128,2.96,75.66,900.5,917.5,116.6,103.6,145.7,880.7,8.84,18.73,4
105.449,81.162,6.968,3.1807387701328254,74.81,886.9,938.2,120.5,107.8,147.6,922.3,8.59,18.75,1
106.237,81.437,6.864,3.178709768779277,74.82,903.1,918.2,104.6,104.9,146.1,933.1,8.68,18.75,1
105.507,80.777,6.292,4.96,75.79,896.8,919.7,97.7,82.5,146.3,840.3,8.64,18.92,3
106.47397623249604,81.058,6.968,3.187023949448059,74.83,901.6,935.9,113.9,106.5308545,146.1,937.7,8.76,18.72,1
105.963,81.305,6.239999999999999,3.29,75.77,893.5,913.1,116.9,108.1,146.6,894.7,8.72,18.85,3
106.08,81.462,6.188,2.88,75.62,905.1,919.9,115.4,107.1,145.3,909.7,8.98,18.59,4
106.162,82.071,11.128,2.93,75.61,900.9,916.2,111.8,104.7,145.8,888.9,8.84,18.73,4
106.049,81.45,6.084,2.84,75.63,905.7,918.6,119.6,107.8,144.9,910.8,8.94,18.63,4
106.4624211931438,80.617,6.968,3.22,74.81,903.1,926.3,120.5,107.3,146,933.1,8.8,18.89,1
106.305,81.281,6.864,3.2,74.82,914.2,929.1,116.3,103.5,145.7,913,8.83,18.74,2
105.921,81.127,6.188,3.41,75.77,893.3,913.1,117.2,103.9,146.3,871.6,8.73,18.84,4
105.467,80.689,6.292,5.25,75.77,896.6,913.6,101.9,82.6,146.6,852.9,8.69,18.87,3
106.05,82.083,11.128,3.01,75.65,900.3,917.1,119.3,102.2,146.5,879.2,8.78,18.78,4
106.131,81.401,6.188,2.89,75.67,907.2,921.5,120.8,106.9,145.4,895.5,8.93,18.63,4
110.698,82.03,11.128,2.95,75.65,901.2,918.4,116.6,102.1,145.4,882.6,8.85,18.72,4
105.999,81.429,6.084,2.87,75.65,905.5,919.3,115.1,105.7,145,904.2,8.85,18.72,4
106.196,82.098,11.128,2.9,75.64,902.4,920.4,112.4,104.8,147.2,897.7,8.88,18.69,4
106.175,81.953,11.128,2.96,75.65,900.1,916.2,115.7,104.8,146.5,898,8.92,18.65,4
106.316,81.402,6.968,3.21,74.81,914.5,930,117.2,105.5,146.3,913.6,8.8,18.77,2
105.734,81.007,6.343999999999999,3.66,75.74,894.2,914.9,115.1,101.6,146.9,837.2,8.54,19.03,3
106.49273717804589,81.362,6.864,3.82,74.82,901.6,902.061429,104.6,106.4450570889321,148.1,926.5,8.82,18.72,1
106.028,82.13,10.972,2.96,75.62,901.1,916.6,112.1,103.4,148.4,878.3,8.79,18.78,4
106.154,81.357,6.084,2.86,75.62,902.4,919.5,117.2,107.7,145.8,917,9.01,18.56,4
105.823,81.202,6.239999999999999,3.36,75.77,891.3,911.8,116,106,146,875.4,8.74,18.82,3
105.794,81.16,6.188,3.41,75.74,892.6,917.1,115.4,105.2,146.8,887.2,8.76,18.81,3
105.63,80.692,6.968,3.57,74.81,923.6,941.1,112.7,96.7,146,885.2,8.67,18.89,2
106.099,82.048,11.128,2.92,75.64,901.1,916.9,112.7,104.2,146,902.9,8.92,18.64,4
105.968,81.286,6.292,3.34,75.75,896.5,915.5,115.7,106,145.8,882,8.72,18.85,3
105.924,81.194,6.292,3.33,75.74,891.5,913.2,122,108.2,147.3,879.5,8.76,18.81,3
105.449,80.617,7.124,3.22,74.81,885.7077704897721,926.3,120.5,93.1,147.6,937.7,8.8,18.73,1
106.319,81.389,6.968,3.19,74.81,885.9,902.9,119.3,103.9,146.2,931.1,8.82,18.75,1
106.283,81.426,7.124,3.22,74.82,885.9,901.6,117.2,105,148.5,915.9,8.79,18.77,2
106.229,81.28,6.864,3.22,74.81,915.3,929.7,123.2,103.7,145.7,915.7,8.79,18.78,1
106.278,81.33,7.02,3.25,74.8,917.3,934.3,117.5,104.6,146.9,916.7,8.83,18.74,2
106.25,81.344,6.968,3.28,74.82,911.6,926.5,116.6,102.8,145.8,904.6,8.76,18.81,2
106.053,81.509,6.136,2.83,75.64,904.2,919.7,117.8,108.1,146.7,891.9,8.87,18.7,4
105.916,81.258,6.239999999999999,3.28,75.74,891.1,915.1,118.4,106.9,147.1,903.6,8.81,18.76,3
106.47733601809936,81.437,7.124,3.189451507529756,74.82,903.1,896.8,127.3,106.40122447430213,148.1,922.3,8.59,18.75,1
106.46461662994312,81.471,6.968,3.16,74.82,886.9,904,113.9,104.3,147,882.3,8.83,18.73,1
106.04,81.006,6.968,3.13,74.82,920.1,937.4,127.3,111.8,145.9,925.9,8.9,18.66,2
105.973,81.26,6.292,3.43,75.72,896.5,912.9,118.7,103.5,145.4,864.6,8.71,18.86,3
105.917,81.152,6.292,3.25,75.73,891.1,910.5,116.9,107.3,146.7,911.5,8.85,18.71,3
105.923,80.954,6.968,3.19,74.82,902.9,919.5,116.6,105.7,145.7,919.9,8.83,18.74,2
106.067,82.023,11.128,2.92,75.63,901.8,917.9,117.2,105.1,145.8,914,8.98,18.58,4
106.035,81.471,6.084,2.83,75.61,904.6,920.6,125.8,107.7,146.6,928.7,9.02,18.55,4
106.132,82.067,11.232,2.86,75.63,902.5,920.3,116.9,107.7,146.4,912.6,8.9,18.67,4
105.931,81.268,6.188,3.32,75.71,889.8,918.6,114.8,104.2,147.2,886.7,8.76,18.8,3
105.782,81.045,6.188,3.36,75.76,890.9,914.7,118.7,106.4,145.9,888.9,8.74,18.83,3
105.574,80.975,6.292,4.3,75.75,895.5,914.4,102.8,87.6,145.3,811.7,8.53,19.04,3
105.505,80.617,6.864,3.1860449324048123,74.81,880.1264908,896.8,120.5,107.3,146.1,874.6,8.76,18.73,1
105.902,81.058,6.864,3.190208611973294,74.81,908.6,918.2,120.5,106.2,147.6,920.2,8.76,18.72,1
105.904,81.226,6.292,3.34,75.73,895.5,913.8,115.1,104.1,146.1,889.1,8.76,18.81,3
105.449,81.162,6.864,3.186743629216821,74.81,903.1,902.4442767756626,120.5,104.9,145.6,882.3,8.84,18.72,1
106.298,81.38,6.968,3.27,74.81,918.8,936.3,115.1,104.1,145.4,908.7,8.81,18.75,2
140.605,81.102,7.332,3.14,74.8,920.4,938.2,119.9,110,145.3,916.3,8.88,18.69,2
105.902,81.058,6.968,3.82,74.82,919.9105404470108,896.8,120.5,106.48962286685928,147,922.3,8.85,18.73,1
105.871,80.799,6.916,3.19,74.81,915.8,933.7,121.7,107.3,146.1,916.5,8.87,18.7,2
106.101,81.96,11.128,3,75.64,901.4,918,113.3,100.6,145.7,874.4,8.81,18.76,4
106.46485436986428,81.437,6.968,3.197084137350969,74.81,903.1,904,120.5,106.53032551088889,145.6,922.3,8.85,18.75,1
105.883,81.089,6.188,3.26,75.77,889.4,911.6,126.4,111.4,146.3,893,8.82,18.75,3
105.902,81.471,6.864,3.16,74.83,901.6,904,127.3,106.39614059244502,145.8,926.5,8.68,18.75,1
106.31,81.382,6.864,3.19,74.81,910.5,927.8,115.1,104.5,146.6,913.6,8.84,18.73,2
105.902,81.437,6.968,4.08,74.81,879.0665259792457,935.9,118.4,106.47219112851144,145.6,922.3,8.81,18.77,1
106.244,81.325,7.124,3.25,74.81,915.1,932.1,113.9,101.9,145.5,907.7,8.8,18.77,2
106.316,81.441,7.124,3.25,74.81,910.3,927.8,111.5,103.5,145.3,908.1,8.81,18.76,2
106.27411779712408,81.402,7.124,3.82,74.81,880.3883547931116,919.9,120.5,104.9,147,923.9,8.68,18.89,1
106.137,81.544,6.084,2.87,75.65,905.1,919.7,115.7,106.6,145.6,891.4,8.87,18.7,4
106.064,82.049,11.128,2.93,75.62,901.1,915.8,120.5,105,145.9,893.4,8.9,18.67,4
106.12,81.518,6.084,2.86,75.62,903.1,920.1,116.6,106.7,145.3,899.4,8.9,18.67,4
105.661,80.928,6.292,3.83,75.73,902,921.2,107,95.4,145.9,821.7,8.54,19.02,3
106.249,81.399,6.864,3.23,74.8,912.5,928.9,117.2,102.9,145,911,8.8,18.77,2
105.959,81.219,6.292,3.28,75.72,894.6,912.9,117.8,107.2,145.1,904.6,8.81,18.76,3
105.61,80.79,6.292,4.27,75.73,900.7,923.2,98,87.7,146.3,819,8.55,19.01,3
106.232,81.388,6.968,3.27,74.81,913.2,928.7,117.5,104.1,146.7,911.2,8.78,18.79,2
105.858,80.692,6.864,3.32,74.81,915.1,931.7,120.2,106.6,146.4,898.7,8.84,18.73,2
105.516,80.862,6.292,4.1,75.74,894.1,916.9,101.9,90.2,145.3,810.2,8.5,19.07,3
105.844,81.094,6.292,3.33,75.73,895.5,915.6,118.7,107.5,147.5,893.5,8.8,18.77,3
105.953,81.247,6.188,3.36,75.74,891.7,912.9,117.5,104.4,145.5,873,8.68,18.89,3
105.902,81.437,6.864,3.16,74.83,908.6,902.5867475820796,118.4,106.52509651352992,146.7,922.3,8.76,18.77,1
106.27435944967236,81.437,7.228,3.179682348214524,74.82,885.7651417,902.1490641432443,120.5,93.1,146.7,923.9,8.59,18.76,1
106.47191690705756,81.027,6.864,3.2,74.82,919.6880369977944,938.2,127.3,106.492142,147,882.3,8.85,18.89,1
106.118,82.073,10.868,2.97,75.64,899.8,916.6,112.4,102.5,147,888,8.87,18.7,4
106.017,80.955,6.968,3.12,74.81,921,937,125.2,111,145.5,915.6,8.86,18.71,2
105.879,81.059,6.292,3.41,75.75,891.8,913.1,113,105.5,147.5,863.4,8.67,18.9,3
106.27658340184529,81.437,6.968,3.18820761,74.82,919.1765961297464,938.2,120.5,106.40302350847244,146,882.3,8.81,18.89,1
106.027,81.94,11.128,2.93,75.64,903.6,918.8,113.6,104.5,146.5,886.5,8.89,18.67,4
106.478,81.33,6.968,3.22,74.8,876.7,895.2,114.8,104.2,147.1,926.1,8.84,18.73,1
106.048,81.261,6.864,3.2,74.8,912.5,927.5,116.6,106.1,146,916.7,8.86,18.71,2
106.108,81.398,6.084,2.86,75.63,904.4,921,123.8,106,146.4,898.6,8.97,18.6,4
105.902,81.027,6.864,3.19,74.81,903.1,919.9,116.9,106.5,147,926.5,8.81,18.76,1
106.053,81.426,6.136,2.87,75.63,904.2,918.8,114.2,103.3,145.1,887,8.89,18.68,4
106.053,81.559,6.188,2.87,75.61,907.2,920.8,117.2,105.6,145.7,898.6,8.88,18.69,4
105.832,81.138,6.188,3.38,75.73,890.7,915.1,117.8,106,146.1,874.9,8.72,18.84,3
106.25,81.357,6.968,3.26,74.8,908.8,926.7,110.3,103.7,145.7,893.7,8.72,18.85,2
106.167,81.185,6.968,3.19,74.83,913.2,926.7,119,106.6,145.6,917,8.83,18.74,2
106.122,82.045,11.128,2.97,75.65,902.4,915.6,115.4,102.4,146.9,868.4,8.78,18.79,4
106.159,81.365,6.968,3.23,74.81,907.9,925.8,120.2,104.4,146.1,913.5,8.79,18.77,2
106.036,82.063,10.972,2.92,75.6,901.2,915.5,120.2,105.7,145.8,893.4,8.86,18.7,4
106.323,80.411,7.228,3.185859537223255,74.83,919.8972294390736,938.2,120.5,104.3,146,917.5,8.68,18.89,1
105.835,81.037,6.292,3.43,75.71,897.4,916,115.4,104.7,146.3,868.9,8.68,18.88,4
105.449,81.402,6.968,3.82,74.82,878.8442064045939,919.9,104.6,104.3,147,917.5,8.84,18.73,1
106.424,81.386,6.968,3.2,74.81,883.7,899.6,125.5,106.2,146,914.1,8.81,18.76,2
105.449,81.058,6.968,3.16,74.82,885.6472582135424,903.0205742860784,116.9,107.8,147.6,930.5,8.85,18.73,1
105.449,81.058,6.968,3.185569898930884,74.83,903.1,904,118.4,107.8,147,882.3,8.59,18.72,1
106.4608372035762,80.411,6.864,3.2,74.83,908.6,935.9,120.5,88.9,147.6,917.5,8.85,18.75,1
106.112,82.072,11.128,2.96,75.63,901.8,916.4,114.5,103.7,145.8,899.2,8.83,18.73,4
105.871,81.19,6.239999999999999,3.29,75.75,891.7,915.1,119.6,107.7,149,895.3,8.79,18.78,3
106.235,81.425,7.124,3.24,74.81,912.3,929.1,116,102.9,145.5,905.3,8.82,18.75,2
106.152,82.091,10.972,2.86,75.61,902.4,918.4,115.4,106.3,145.6,898.3,8.91,18.66,4
106.434,81.522,6.968,3.17,74.83,880,900.7,122,106,146.2,921.9,8.82,18.75,1
106.042,82.013,11.128,2.96,75.64,900.5,917.1,123.8,104.5,145,884.3,8.85,18.72,4
106.25,81.39,6.968,3.22,74.84,916.9,936.5,113,101.9,147.2,919.4,8.82,18.74,2
106.323,81.027,6.864,3.1835686248526005,74.83,885.8526800709387,904,120.5,106.7,145.8,926.5,8.81,18.71,1
106.237,81.471,7.228,3.2,74.83,903.1,926.3,104.6,104.3,147,882.3,8.85,18.72,1
106.078,81.971,10.972,2.87,75.62,903.6,917.5,116.6,106.4,147,896.7,8.91,18.66,4
105.902,81.26,6.292,3.31,75.7,890,909.6,115.7,106.6,145.6,888.6,8.77,18.79,3
105.449,80.411,6.864,4.08,74.82,920.4,935.9,107.3,88.9,147,874.6,8.59,18.98,1
105.967,81.214,6.292,3.29,75.74,896.8,916.7,120.5,107,146.3,897.7,8.81,18.76,3
106.134,81.339,6.968,3.25,74.83,911.6,925.4,109.7,102.2,147.8,915.5,8.85,18.71,2
106.27585713695052,80.617,6.864,4.08,74.82,901.6,918.2,113.9,106.7,147,930.5,8.84,18.77,1
105.968,81.029,6.968,3.16,74.83,907,922.7,116.3,104.7,146.9,919,8.86,18.7,2
106.056,81.973,11.128,2.97,75.63,900,915.5,111.2,102,145.5,880.8,8.83,18.74,4
106.284,81.354,6.864,3.23,74.83,919.9,936.7,116.6,104.9,147.2,902.5,8.8,18.77,2
105.979,81.038,6.968,3.13,74.82,903.3,918.6,116.9,105.9,145.8,919.3,8.87,18.7,2
106.206,81.226,6.968,3.23,74.8,906.8,926.3,115.4,104.8,146,913.5,8.79,18.78,2
106.252,81.29,6.968,3.22,74.81,908.6,926.9,119.6,105.9,146.3,912.8,8.84,18.73,2
106.27330142036864,81.402,6.968,3.2,74.82,920.5052690719224,926.3,127.3,88.9,145.8,933.1,8.85,18.75,1
106.038,81.24,6.968,3.19,74.8,909.7,923.8,120.5,106.9,145.5,915.4,8.82,18.75,2
106.349,81.349,6.968,3.17,74.83,909.6,928,113.6,104.6,145.6,913.5,8.81,18.75,2
105.928,81.142,6.188,3.26,75.67,889.8,914.9,119.6,106.5,147.3,894.3,8.78,18.78,3
106.4764082241313,81.058,6.864,3.186532341380385,74.83,901.6,919.9,113.9,104.3,148.1,930.5,8.82,18.72,1
106.096,82.039,11.128,2.96,75.62,902.4,918.8,120.5,103.5,146.2,883,8.82,18.75,4
106.127,82.159,11.128,2.96,75.66,901.1,915.3,114.2,104.2,145.7,885.9,8.88,18.69,4
105.865,81.139,6.292,3.34,75.78,891.3,911.4,120.5,105.9,145.7,881.5,8.78,18.79,3
105.449,81.362,6.864,3.1900675355613743,74.83,903.1,918.2,120.5,106.4808419318227,145.6,937.7,8.85,18.75,1
106.517,81.426,6.968,3.13,74.82,882.6,900,118.1,108.1,146.7,916,8.81,18.76,2
106.07,81.932,10.764,2.89,75.62,900.9,918,119.6,107.2,145.1,898.6,8.87,18.7,4
106.047,82.007,11.128,2.9,75.64,905.7,919.3,120.2,105.6,145.4,885,8.92,18.65,4
106.27556747096958,80.617,6.864,3.1857916042827594,74.83,919.5347755758812,904,120.5,106.39467332672868,146,926.5,8.81,18.76,1
106.48564026579676,81.058,6.864,3.187293787357339,74.82,901.6,902.2134022909448,107.3,106.2,146.7,920.2,8.76,18.75,1
105.449,80.617,6.864,3.2,74.81,908.6,919.9,107.3,107.8,148.1,930.5,8.82,18.76,1
153.582,81.918,10.868,2.86,75.67,900.5,918.4,117.5,107.8,145.4,912,8.92,18.65,4
106.27593707319102,81.058,6.864,3.22,74.83,903.1,938.2,118.4,104.9,146,930.5,8.8,18.72,1
106.256,81.421,6.968,3.28,74.83,908.6,925.2,111.8,103.2,146.4,909.1,8.8,18.76,2
106.107,81.346,6.188,2.83,75.65,903.6,919.9,114.5,107.5,145.3,915.7,8.98,18.59,4
106.248,81.237,6.968,3.23,74.83,913.8,928.6,115.4,103.8,145.8,915.9,8.82,18.74,2
106.304,81.398,7.124,3.21,74.8,910.3,923.9,113.9,104.5,147,920.8,8.81,18.75,2
106.248,81.32,6.968,3.22,74.81,913.1,928.2,119.6,104.6,145.2,918,8.82,18.75,2
106.062,81.956,11.128,2.97,75.65,901.4,918.2,115.1,102.5,146.3,878,8.76,18.8,4
106.098,82.032,11.128,2.98,75.63,902.9,920.1,117.5,101.7,146.6,881.6,8.86,18.71,4
105.938,81.253,6.292,3.26,75.7,891.1,910.1,120.8,108.5,145.9,902.3,8.81,18.75,3
106.16,81.096,7.124,3.1,74.8,920.6,937.6,116.3,109.6,145.6,932.7,8.9,18.67,2
105.777,81.071,6.292,3.32,75.77,892.8,916,122.3,110.3,146,897.2,8.79,18.78,3
106.258,81.149,6.864,3.17,74.83,909,925.8,116,106.5,145.9,923.1,8.87,18.7,1
106.028,81.21,6.968,3.18,74.8,912.1,926.5,115.7,105.1,146.9,921.9,8.84,18.73,2
105.533,80.831,6.292,4.66,75.77,893.3,912,100.1,84.8,147.7,810.7,8.5,19.07,3
106.323,81.343,6.864,3.181642016,74.81,919.7276783,918.2,118.4,104.3,146.1,933.1,8.82,18.71,1
106.287,81.349,6.968,3.27,74.81,921.2,937.6,112.7,101.8,145.7,907.6,8.8,18.77,2
106.27355851148492,81.162,6.864,3.192578445600457,74.81,885.6393902004633,904,118.4,88.9,146.1,937.7,8.85,18.73,1
106.323,81.058,6.864,3.188001607254382,74.82,879.0289531395503,896.8,104.6,107.8,146.7,937.7,8.8,18.75,1
106.035,81.427,6.188,2.88,75.67,905.7,921,119.9,106.5,146.6,897.3,8.89,18.67,4
105.675,80.964,6.292,3.83,75.74,897.7,920.6,105.5,95.2,147.1,829.4,8.55,19.02,3
106.083,82.04,11.128,2.99,75.64,902.4,916.4,112.4,100.9,146,876,8.76,18.8,4
105.911,81.155,6.188,3.35,75.75,890.4,911.2,113.6,106.5,148,896,8.82,18.75,3
106.33,81.503,6.968,3.24,74.82,912.1,930,116.9,104,145.7,906.2,8.81,18.76,2
110.467,82.038,11.128,2.87,75.66,901.4,918.4,117.5,105.8,145.2,903.7,8.88,18.69,4
106.323,81.162,7.124,4.08,74.81,885.0550527931583,904,127.3,93.1,147.6,917.5,8.8,18.89,1
151.787,82.054,10.972,2.97,75.67,903.3,918.4,111.8,105.2,145.5,889.8,8.82,18.75,4
105.866,81.073,6.188,3.34,75.73,891.7,913.4,119.6,103.9,145.4,877,8.72,18.85,3
106.073,81.465,6.084,2.91,75.64,907.7,922.8,113,105.4,145.5,895.7,8.89,18.67,4
113.338,80.996,6.968,3.16,74.82,919.5,937,119.3,108.9,145.5,920.6,8.89,18.67,2
106.323,81.027,6.864,3.22,74.82,920.0422807,919.9,120.5,88.9,147,926.5,8.83,18.76,1
106.082,82.095,11.128,2.93,75.62,902.9,921.2,120.2,105,147,894,8.86,18.71,4
106.241,81.379,6.968,3.21,74.8,913.8,929.9,112.4,104.3,145.9,920.9,8.83,18.73,2
106.15,81.241,6.968,3.2,74.82,908.4,926.7,113.3,103.8,146.4,920.1,8.84,18.73,2
106.248,81.296,6.968,3.2,74.8,914,930.6,117.5,106,145.6,910.4,8.81,18.75,2
105.938,81.13,6.239999999999999,3.35,75.74,894.6,911,116.6,105.2,146.1,881.5,8.75,18.81,3
106.11,81.473,6.188,2.84,75.61,904.9,921.2,122.6,109.9,145.4,924.8,8.98,18.59,4
105.851,81.193,6.292,3.3,75.76,893.1,912.9,122,109.2,146.6,889.2,8.73,18.84,3
106.44547799139782,81.362,6.864,3.1978682397212697,74.83,878.8438011574481,938.2,120.5,104.9,147,920.2,8.8,18.75,1
106.266,81.431,7.124,3.16,74.81,884.1,900.7,117.8,103.9,145.7,915.8,8.83,18.74,2
105.902,81.402,6.968,3.82,74.83,885.5362469970657,926.3,120.5,88.9,146.7,930.5,8.82,18.72,1
105.449,81.471,6.864,3.1926947498138434,74.81,886.9,896.8,118.4,106.2,146,882.3,8.84,18.73,1
106.157,81.039,6.968,3.13,74.81,921,939.3,115.7,107.6,146.2,916.7,8.88,18.69,2
105.944,81.402,7.228,4.08,74.82,885.2738699140118,919.9,120.5,104.3,145.6,926.5,8.85,18.98,1
106.098,82.028,11.128,2.9,75.65,900,918.6,116,105.1,146.6,894.7,8.88,18.69,4
119.426,82.005,10.972,2.92,75.66,902.7,920.3,117.8,105.3,144.8,898.8,8.88,18.69,4
105.902,81.402,6.864,4.08,74.82,908.6,895.3,120.5,88.9,147,882.3,8.83,18.98,1
106.05,81.389,6.968,3.21,74.79,911.4,925.8,118.1,107.7,146.3,914.1,8.83,18.73,2
106.398,81.312,6.864,3.25,74.82,920.6,938.7,113,102.3,145.9,912.7,8.85,18.72,2
106.332,81.322,6.968,3.23,74.83,907.7,925.6,119.9,104.4,146.3,914.8,8.85,18.72,2
105.804,81.234,6.292,3.29,75.75,889.8,915.6,116.3,107.3,146.1,906.1,8.8,18.76,3
106.132,81.361,7.124,3.16,74.83,908.8,924.7,116,106,145.3,927.6,8.85,18.72,1
105.949,81.261,6.292,3.36,75.73,890.4,908.8,116.9,105.9,145.9,866.4,8.66,18.91,3
106.309,81.397,6.968,3.29,74.81,907.3,925.2,114.8,103.4,146.6,908.5,8.81,18.76,2
106.108,81.212,6.968,3.14,74.83,910.7,926.9,122.9,104.9,146.3,916,8.85,18.71,2
105.449,81.437,6.864,3.22,74.83,884.9158533500513,918.2,120.5,93.1,148.1,920.2,8.68,18.76,1
106.258,81.255,6.968,3.2,74.81,910.7,927.6,120.2,105.5,145.6,914.9,8.83,18.74,2
106.46,81.547,6.968,3.19,74.83,882.8,900.1,115.1,103.6,145.4,926.6,8.83,18.74,2
105.97,81.311,6.292,3.27,75.75,891.3,910.7,122,110.9,146.8,896.1,8.73,18.84,3
106.03,82.067,11.128,2.98,75.64,901.2,917.3,116.6,103.8,146.8,871,8.75,18.82,4
106.234,81.384,7.02,3.26,74.81,907.9,925.8,109.7,102.3,146.7,913.8,8.8,18.77,2
106.27492051392998,81.162,6.864,3.16,74.83,903.1,918.2,127.3,106.55326082847316,148.1,933.1,8.59,18.73,1
105.772,80.91,6.864,3.28,74.81,897.7,914.4,112.1,102.9,145.8,910.3,8.8,18.77,2
106.068,81.313,7.124,3.2,74.81,911,929.5,114.8,104.6,145.7,923.7,8.83,18.73,2
106.27310042967105,81.402,7.228,3.16,74.81,908.6,926.3,120.5,88.9,145.9,933.1,8.82,18.73,1
106.153,82.124,11.18,2.95,75.65,900.7,917.9,115.7,104.8,145.7,891.5,8.83,18.73,4
106.323,80.617,6.864,3.16,74.82,885.3491143716951,895.3,127.3,93.1,145.9,933.1,8.83,18.73,1
105.937,81.497,6.084,2.84,75.65,904.9,920.3,116.3,106.2,145.8,917,9.06,18.51,4
106.124,81.251,6.968,3.25,74.8,909.2,923.9,117.2,105.3,145.7,912,8.8,18.77,2
105.505,81.343,6.864,3.2054351522598257,74.83,919.9218877161704,918.2,120.5,104.9,146.1,882.3,8.85,18.73,1
106.013,81.152,6.188,3.29,75.75,897.7,916,117.5,106.1,145.8,891.3,8.82,18.74,3
105.945,81.215,6.188,3.44,75.73,895.9,913.6,110.6,102.4,147,870.8,8.72,18.85,3
106.419,81.42,6.968,3.23,74.8,880.6,898.3,118.1,104.8,145.7,911.1,8.78,18.78,2
106.27513604643924,81.402,6.968,3.190415535998101,74.82,908.6,904,118.4,106.7,145.6,933.1,8.85,18.71,1
105.87,80.84,6.968,3.23,74.83,918.8,935.8,119.6,108.3,145.9,923.6,8.86,18.71,2
106.08,82.051,11.128,2.88,75.63,901.1,917.3,118.7,107.5,145.9,913.1,8.93,18.64,4
106.096,81.382,6.084,2.9,75.66,904.4,919.5,116,106.6,145.8,895.4,8.9,18.67,4
106.116,81.484,6.136,2.87,75.62,903.1,920.3,118.4,105.6,145.5,896,8.95,18.62,4
105.505,80.784,6.292,5.09,75.75,897.4,916.2,101.9,83.6,145.8,836.7,8.65,18.92,3
106.44385647380425,80.411,6.864,3.185705288007666,74.82,908.6,935.9,104.6,106.4830774509816,145.9,930.5,8.81,18.73,1
106.46058806551189,81.437,6.864,3.198863133065032,74.81,878.8286026055946,904,116.9,106.2,145.8,933.1,8.83,18.8,1
106.45793634160532,81.437,6.864,3.2,74.82,879.6050120992952,918.2,120.5,106.4886616968984,147,926.5,8.8,18.71,1
106.46087911926656,81.343,6.864,3.2,74.83,879.7713581228653,919.9,120.5,104.3,146.7,874.6,8.83,18.98,1
141.136,80.947,6.968,3.13,74.8,921,936.7,123.8,110,145.6,918,8.86,18.71,2
106.237,81.402,6.864,3.193873344,74.81,920.0222593207944,895.3,113.9,106.50513614485487,146,920.2,8.85,18.73,1
105.505,81.027,6.864,3.180290956323508,74.82,908.6,935.9,120.5,106.2,145.9,882.3,8.83,18.89,1
105.905,81.208,6.292,3.32,75.71,891.7,912.7,115.7,101.7,144.9,895.7,8.9,18.67,4
105.944,81.027,6.864,3.82,74.81,901.6,918.2,118.4,88.9,145.8,922.3,8.8,18.77,1
105.944,81.343,6.968,3.187706628113244,74.83,920.0399697635548,902.3469020718716,113.9,107.3,145.9,874.6,8.8,18.73,1
106.083,81.421,6.188,2.83,75.64,903.5,919.7,120.2,108,144.9,914.4,8.98,18.59,4
106.227,81.305,6.968,3.2,74.81,919.3,936.3,113.6,105.1,146,914.9,8.82,18.75,2
106.105,81.468,6.084,2.84,75.63,906,919.7,119.9,107.6,145.6,917,8.97,18.6,4
106.138,82.007,11.128,2.95,75.66,901.6,917.9,117.8,102.5,146.1,883.2,8.81,18.76,4
106.199,81.381,6.968,3.21,74.81,912.1,929.1,118.7,105.4,147.4,912.4,8.84,18.73,2
106.323,81.027,6.864,4.08,74.82,920.4672026709464,926.3,120.5,88.9,145.9,923.9,8.85,18.71,1
105.968,81.034,6.864,3.14,74.83,921.4,938.9,120.2,110.5,148.4,917.2,8.87,18.7,2
105.842,81.033,6.188,3.33,75.72,892.8,915.6,122.3,107.6,146.6,883.2,8.77,18.8,3
106.282,81.4,6.864,3.19,74.82,913.1,929.7,113.9,105.5,145.7,911.7,8.83,18.74,2
105.841,81.171,6.292,3.32,75.73,893.3,917.1,114.2,106.2,146.5,889.7,8.81,18.76,3
105.843,81.133,6.239999999999999,3.45,75.74,891.7,911.6,109.4,102.2,146.8,870.6,8.72,18.85,3
106.054,82.028,11.128,2.92,75.66,902.2,918.6,117.2,106.5,145.9,894.2,8.89,18.68,4
105.781,80.99,6.292,3.46,75.74,891.8,918.6,118.4,104.9,146.3,868.1,8.74,18.83,3
105.936,81.059,6.968,3.17,74.81,905.7,920.3,120.2,106.3,146,918,8.84,18.73,2
105.951,81.332,6.292,3.34,75.74,889.3,914,119.6,103.8,145.5,895.4,8.76,18.81,3
106.27265415576662,80.617,6.864,3.1821940496115246,74.82,879.4152868493275,895.3,127.3,104.9,146.7,882.3,8.82,18.75,1
105.781,80.859,6.292,3.81,75.74,894.6,914.7,112.7,95.6,146.7,836.1,8.57,18.99,3
106.27437709003512,80.617,6.864,3.16,74.82,879.2377801132947,902.4543685173918,120.5,104.3,146.7,922.3,8.83,18.71,1
106.107,81.384,6.864,3.2,74.81,911.8,927.8,116.6,104.7,145.6,906.7,8.82,18.75,2
106.325,81.285,6.968,3.31,74.81,921.5,938.3,111.5,101.6,146.4,897.6,8.79,18.78,2
105.727,81.039,6.292,3.52,75.78,892.6,915.3,113.6,103.2,146.2,852.6,8.64,18.92,3
106.01,82.122,11.128,2.96,75.64,901.4,918.2,116.6,103.4,145.8,874.1,8.77,18.79,4
105.975,81.291,6.292,3.31,75.71,891.7,911.8,113.6,104.6,146.3,893.5,8.75,18.81,3
105.913,81.006,6.968,3.16,74.81,907.2,920.1,115.4,106.6,145.6,928.1,8.88,18.68,1
105.464,80.828,6.292,5.02,75.77,893.3,912,96.9,81.5,146.4,810.7,8.5,19.07,3
105.878,81.069,6.239999999999999,3.4,75.76,891.8,915.6,113.6,103.6,146.5,878.8,8.75,18.82,3
106.097,82.04,11.232,2.98,75.63,900,917.5,113.6,102.1,146.7,881.8,8.79,18.77,4
106.284,81.341,6.968,3.19,74.82,909.6,924.1,122.9,105.4,145.3,918.6,8.82,18.75,2
105.569,80.629,6.968,3.6,74.82,922.7,940.2,111.8,96.6,147.1,894.8,8.77,18.8,1
105.879,80.946,6.864,3.13,74.82,920.1,935.6,122.9,109.9,145.7,921.7,8.86,18.71,2
106.47385378388572,81.058,6.864,3.1901888519586685,74.81,879.0866464298329,896.8,113.9,104.3,146,922.3,8.85,18.75,1
106.2728827,80.411,6.968,3.16,74.81,884.7113784657136,919.9,118.4,106.50363526286324,147.6,922.3,8.8,18.8,1
106.289,81.249,6.968,3.29,74.83,917.5,933.9,111.8,101.7,146.5,900.8,8.78,18.79,2
105.449,81.362,6.864,3.16,74.83,901.6,918.2,120.5,106.3557860135054,147,882.3,8.8,18.73,1
105.928,80.928,6.864,3.22,74.8,919.9,936.9,116.6,108,145.7,930.6,8.9,18.67,2
106.458,81.471,7.228,3.2,74.82,879.8,896.8,127.3,106.2,145.9,923.9,8.82,18.75,1
106.239,81.364,6.968,3.26,74.81,910.1,925.2,116.9,103.6,145.9,917.8,8.79,18.78,2
106.323,80.617,6.864,3.82,74.81,919.5773069587732,918.2,113.9,93.1,148.1,933.1,8.59,18.72,1
103.769,81.097,7.955999999999999,3.14,74.83,921.7,939.1,117.8,110.3,146.1,918.7,8.88,18.69,2
106.278,81.327,6.864,3.27,74.82,911,928,113.6,102.2,147.1,900,8.79,18.78,2
105.449,81.437,6.864,3.182712520858673,74.82,903.1,919.9,120.5,104.9,148.1,933.1,8.81,18.98,1
106.093,82.043,11.128,3,75.67,901.8,919.1,112.4,101.9,146,894.3,8.9,18.67,4
105.79,81.088,6.292,3.42,75.72,895,919,112.4,104.1,147.7,867.8,8.71,18.86,3
105.894,81.274,6.292,3.33,75.73,896.3,913.8,116.9,107.4,144.8,888.1,8.77,18.8,3
106.173,81.199,6.968,3.21,74.82,910.3,925.6,117.5,103.9,147.4,921.7,8.84,18.73,2
105.897,81.3,6.292,3.26,75.76,890.7,914.9,116,106.2,144.9,903.5,8.82,18.75,3
105.858,81.277,6.239999999999999,3.31,75.73,890.5,914.2,116.3,107.4,145.3,894.4,8.71,18.85,3
125.402,82.048,11.128,2.87,75.67,904,917.1,113.6,105.1,147.6,888.4,8.9,18.67,4
106.184,81.435,6.864,3.34,74.8,907.9,925.4,115.4,101.6,146.6,891.5,8.77,18.8,2
106.041,81.561,6.084,2.9,75.61,906.8,922.3,119.6,106.7,145.9,896.9,8.94,18.63,4
106.112,82.091,11.128,2.98,75.65,901.6,916.6,110.3,102.1,146.3,871.6,8.78,18.79,4
106.319,81.293,6.864,3.26,74.82,917.5,935.6,119,104.4,146.6,908.7,8.8,18.77,2
105.635,81.045,6.188,3.86,75.74,898.3,919.1,112.4,96.7,147.2,843.2,8.6,18.96,3
122.747,82.001,11.128,2.93,75.64,902.5,918.4,116.3,103.4,146.3,881.5,8.84,18.73,4
106.282,81.329,6.968,3.25,74.82,909.9,928,122.3,105.2,146.4,906.4,8.8,18.77,2
106.042,81.977,11.128,2.98,75.63,901.1,917.5,114.5,104.4,146.1,875.6,8.79,18.78,4
105.588,80.931,6.292,4.35,75.76,896.5,916.2,101.3,88,146,817.1,8.54,19.02,3
106.132,82.077,11.128,3,75.62,900.1,917.7,112.7,102.8,145.9,864,8.76,18.81,4
105.505,81.362,6.864,3.16,74.83,885.3835821,904,107.3,107.3,146,933.1,8.84,18.75,1
106.257,81.384,6.968,3.18,74.82,909.9,926.7,122,105.2,146.6,911.2,8.82,18.75,2
106.213,81.416,6.084,2.89,75.63,903.5,919.3,119.9,105.3,145.8,891.3,8.86,18.7,4
105.995,81.23,6.188,3.29,75.71,889.8,910.3,124.1,108.4,146.4,901,8.77,18.8,3
106.222,81.36,6.968,3.27,74.82,913.6,929.1,113,103.1,145.6,907.8,8.84,18.73,2
106.105,81.983,11.128,2.96,75.61,901.8,917.9,113.6,103.2,146.3,879.9,8.82,18.75,4
105.916,81.2,6.239999999999999,3.33,75.71,895.7,913.2,119,106.7,146.6,883,8.72,18.84,3
135.602,82.054,11.128,2.96,75.64,899.8,917.1,114.8,105,146.4,887.4,8.74,18.83,4
105.505,80.617,7.124,3.183493348579553,74.82,880.0033837678869,902.3201639433018,118.4,93.1,147.6,937.7,8.68,18.77,1
105.973,81.151,6.968,3.16,74.81,906.4,923.9,109.1,103.2,147.2,928.1,8.92,18.65,2
106.193,81.325,6.968,3.28,74.81,909.7,927.1,113.3,102.3,145.7,915.5,8.83,18.74,2
105.987,81.06,6.864,3.13,74.8,923,938.3,116.9,109.8,145.5,910.5,8.89,18.67,2
105.705,81.01,6.292,3.91,75.76,894.6,917.5,112.1,95.6,146.3,832.4,8.62,18.95,3
105.449,81.058,7.124,3.2,74.82,908.6,938.2,116.9,107.8,148.1,937.7,8.84,18.76,1
140.641,81.183,7.851999999999999,3.12,74.82,918.2,937,118.7,109.9,145.7,930.8,8.95,18.62,2
106.097,81.457,6.084,2.87,75.62,904.6,919.3,116.3,106,145.9,908.7,8.99,18.57,4
106.119,82.016,11.076,2.85,75.67,901.2,918,118.4,109.2,145.7,900.2,8.88,18.69,4
105.907,81.145,6.188,3.29,75.74,892.9,914.7,116.6,109.1,148,902.4,8.81,18.76,3
106.055,81.461,6.084,2.85,75.63,905.7,922.7,115.7,107.4,147.4,900.8,8.96,18.61,4
105.985,81.249,6.292,3.36,75.71,891.7,915.1,119.3,105.1,145.5,873.7,8.69,18.87,3
105.606,81.007,6.292,4.2,75.76,894.8,915.8,101.3,89.3,145.6,815.8,8.47,19.09,3
105.906,81.169,6.968,3.14,74.82,910.3,924.3,116.3,106.6,145.1,935.8,8.94,18.63,2
106.323,81.343,7.124,3.16,74.83,885.2,904,118.4,107.3,146.7,930.5,8.76,18.8,1
106.47154388965863,81.402,6.968,3.185673701843666,74.82,919.8881899258424,895.3,120.5,93.1,146,882.3,8.83,18.73,1
106.146,81.398,6.968,3.27,74.83,913.2,927.8,112.1,103.3,146.7,901.8,8.77,18.8,2
106.435,81.355,6.968,3.32,74.82,916.9,936.7,113.9,103.5,145.6,904.9,8.81,18.76,2
105.6,80.626,6.864,3.62,74.82,922.1,938.9,115.1,96.2,145.9,874.2,8.67,18.89,1
105.975,80.897,6.864,3.13,74.81,920.4,937.8,120.2,109,146.1,918.8,8.87,18.7,2
106.064,81.49,6.084,2.88,75.65,907.2,920.1,118.7,105.5,146.6,896.4,8.9,18.67,4
152.734,82.001,11.128,2.98,75.64,901.1,917.7,117.2,104.5,145.6,884.3,8.83,18.74,4
106.097,82.061,11.128,2.93,75.66,903.5,920.3,115.7,104.3,146.8,889.9,8.86,18.71,4
105.918,80.66,6.968,3.47,74.82,918.8,935,114.5,102.6,146.4,882.8,8.74,18.83,2
106.27,81.43,6.968,3.25,74.81,911.8,926.7,120.8,106,146.4,910.7,8.79,18.78,2
119.493,82.073,11.128,2.95,75.63,900.3,917.3,116.3,104.8,145.3,892.2,8.9,18.66,4
105.944,81.058,6.864,4.08,74.82,885.9688788951647,904,127.3,106.33677430781977,147,920.2,8.59,18.73,1
106.27,81.361,6.968,3.24,74.81,915.5,933,113.3,103.1,145.6,911.1,8.79,18.78,2
106.107,81.356,6.084,2.81,75.66,904.4,920.4,119,109.6,146.2,927.9,9.01,18.55,3
106.129,82.065,11.128,2.96,75.63,901.4,918.8,116.9,103.5,146,889.1,8.81,18.75,4
106.08,81.469,6.084,2.87,75.67,904.4,919.5,123.2,106.7,145.5,911.3,8.96,18.6,4
106.188,81.34,6.864,3.25,74.81,909.4,925.8,117.5,101.8,145.4,910.1,8.84,18.73,1
105.631,80.983,6.292,4.23,75.75,900.9,920.8,105.5,90.2,145.9,835.2,8.58,18.99,3
106.253,81.357,6.968,3.19,74.82,883,899.4,117.5,105.7,145.9,915,8.79,18.78,2
106.06,82.069,11.128,2.98,75.65,901.1,917.7,110.9,101.5,146.5,880.5,8.81,18.75,4
105.778,81.132,6.188,3.55,75.74,894.4,917.3,116,100.8,147.4,853.9,8.69,18.88,3
106.073,82.085,11.128,3.05,75.62,899.6,916.4,116.6,100.2,145.9,869.3,8.76,18.81,4
106.146,81.456,6.188,2.88,75.64,905.7,922.8,115.4,105.9,146.2,895.5,8.94,18.63,4
105.95,81.196,6.188,3.32,75.75,890.9,912.1,118.7,107.2,146.1,893.1,8.77,18.79,3
106.19,81.341,6.968,3.24,74.81,907.7,926.2,122.9,103,145.7,914.7,8.82,18.74,2
106.09,82.074,11.128,3.01,75.64,900.5,916.4,112.7,102.2,145.4,876.2,8.8,18.76,4
106.253,81.379,6.968,3.22,74.85,913.8,928.9,119,105,146.8,908,8.83,18.74,2
106.141,81.291,6.968,3.19,74.82,910.5,929.9,114.5,105,146.6,917.7,8.85,18.72,2
105.943,81.201,6.292,3.31,75.79,895.5,915.5,117.8,105.9,145.4,880.4,8.75,18.82,3
106.46220627530222,81.058,6.968,3.22,74.83,901.6,919.9,104.6,104.3,147,923.9,8.76,18.76,1
105.505,81.027,6.864,3.22,74.82,885.1124139116309,902.1128740478296,113.9,93.1,146.1,882.3,8.68,18.73,1
106.137,82.027,11.128,2.95,75.62,900.3,918.4,114.8,104.4,146.5,883.5,8.81,18.76,4
105.505,81.162,6.864,3.16,74.82,879.7118598181527,918.2,116.9,106.2,145.6,937.7,8.83,18.98,1
105.976,81.388,6.292,3.44,75.72,889.3,909.9,114.2,101.9,147.2,865.5,8.71,18.86,3
106.053,82.073,11.128,2.89,75.61,904.2,920.1,122,106,145.4,910.2,8.93,18.64,4
106.075,81.464,6.084,2.86,75.64,903.5,919.9,119.6,105.6,145.2,897.3,8.91,18.66,4
106.275,81.437,6.968,3.16,74.83,885.6,902.2,120.5,106.4,148.1,933.1,8.85,18.71,1
106.425,81.41,6.968,3.23,74.82,878.7,898.1,114.2,104.3,147.9,924.5,8.81,18.76,1
106.132,81.416,6.084,2.84,75.62,903.3,919.5,117.8,107.3,145.2,927.1,9,18.56,4
106.48409274382884,81.027,7.228,3.22,74.81,885.3352965947286,926.3,120.5,93.1,146.1,926.5,8.85,18.73,1
106.37,81.405,6.968,3.19,74.82,880,897.4,119.9,105.6,146.9,918,8.8,18.77,2
105.901,81.315,6.292,3.34,75.76,897.4,914.7,120.2,105.4,146.4,886.3,8.76,18.81,3
105.505,81.437,6.864,3.16,74.83,885.3145682230514,935.9,120.5,104.3,147,933.1,8.81,18.72,1
105.645,80.753,6.864,3.46,74.81,925.6,943.1,118.7,97.9,146.6,895.8,8.76,18.81,1
105.449,80.411,6.864,3.16,74.81,879.5796412726517,935.9,120.5,106.4264282953164,147,874.6,8.83,18.71,1
105.902,81.027,6.864,3.82,74.83,920.0545310534528,938.2,120.5,106.2,146.1,917.5,8.85,18.76,1
106.176,81.357,6.968,3.21,74.81,910.7,926.5,118.7,106.4,145.4,904.2,8.82,18.74,2
106.125,82.023,10.764,2.9,75.62,903.8,920.3,117.2,106.6,145.6,918.3,9,18.57,4
106.076,81.437,6.084,2.86,75.63,906,922.5,120.5,108.8,146.1,905.8,9,18.57,4
106.27144791643266,80.617,6.864,4.08,74.81,881.1231019217529,902.6341284,116.9,107.3,148.1,923.9,8.82,18.73,1
106.078,82.12,11.128,2.92,75.63,901.8,918.2,112.1,103.4,146.2,913.2,8.94,18.62,4
106.125,81.55,6.136,2.89,75.63,905.9,922.7,120.5,106.1,145.8,915.9,9.04,18.53,4
106.053,81.32,6.968,3.21,74.8,908.8,927.6,123.2,105.3,146.2,916.6,8.84,18.73,2
106.463,81.413,6.968,3.19,74.82,880.2,897.7,118.1,106.1,145.5,920.6,8.78,18.78,1
106.208,81.241,6.968,3.2,74.82,906.8,925.1,114.2,104.7,146.1,916,8.79,18.77,2
106.244,81.321,6.968,3.3,74.8,909.9,925.8,113,102.7,146,906.6,8.78,18.78,2
106.074,82.074,11.128,2.99,75.61,901.6,918.2,119.9,103.7,145.3,876.2,8.79,18.78,3
104.758,78.996,6.188,3.38,74.86,886.1,909.6,116.6,105,145.1,841.3,8.54,19.03,2
106.262,81.432,6.968,3.22,74.81,886.3,904,121.1,106.4,146.7,913.1,8.81,18.75,2
105.922,81.041,6.968,3.19,74.83,904.2,921.2,114.5,105.8,146.9,919.7,8.85,18.71,2
106.016,81.58,6.084,2.86,75.64,902.7,922.5,116.3,108.5,146.3,906.9,8.92,18.65,4
106.341,81.328,6.968,3.29,74.82,918,935.8,115.7,102.3,145.3,895.1,8.78,18.79,2
105.871,81.204,6.188,3.3,75.71,890.9,915.8,116.3,104.2,144.9,891.3,8.77,18.8,3
105.902,81.471,6.968,4.08,74.81,921.0109031997245,895.3,116.9,104.9,147,937.7,8.84,18.73,1
105.832,80.995,6.968,3.25,74.82,899.4,916.4,119.3,104.6,146.4,910.6,8.83,18.74,2
106.142,81.524,6.24,2.9,75.63,902.5,918.4,119.6,104.4,145.1,896.3,8.9,18.66,4
106.294,81.297,7.02,3.25,74.81,916,934.1,119,104.5,145.6,907.7,8.74,18.83,2
106.27414651058466,80.617,6.968,3.16,74.81,908.6,919.9,120.5,106.37023838981888,147,930.5,8.84,18.71,1
106.07,82.064,11.128,2.96,75.64,901.6,917.3,120.2,104.2,145.6,882.8,8.85,18.72,4
106.169,81.303,7.124,3.19,74.81,916.9,938,113.9,104.6,145.4,909.3,8.83,18.74,2
106.288,81.394,6.968,3.25,74.83,922.3,940.2,113,104,146.7,912.4,8.81,18.75,2
106.107,82.038,10.972,2.95,75.62,903.5,917.5,116,104,145.4,885.6,8.88,18.68,4
106.073,81.266,6.968,3.2,74.8,908.1,925.8,123.8,105.6,146.5,911.8,8.8,18.76,2
106.322,81.319,6.968,3.18,74.81,909.6,927.3,118.1,106.4,146.4,914.2,8.83,18.74,2
106.27493989311566,81.343,6.968,3.1937304313896457,74.82,920.3853755665627,919.9,104.6,106.7,147.6,937.7,8.84,18.76,1
105.693,81.063,6.292,3.73,75.7,892.6,915.6,109.7,97.1,146,833.7,8.56,19.01,3
106.067,82.049,11.128,2.96,75.64,900.3,916,116.9,104.1,145.9,882.3,8.82,18.75,4
106.376,81.285,6.968,3.2,74.81,911.6,926.5,121.7,106.3,145.3,911.5,8.86,18.71,2
105.902,80.411,6.968,3.1817463713766143,74.83,920.0108350130856,918.2,116.9,104.9,147,920.2,8.85,18.77,1
106.111,82.099,11.128,2.96,75.62,900.7,917.5,114.5,104.3,145.8,880.6,8.82,18.75,4
106.427,81.306,7.124,3.22,74.81,881.1,896.8,112.1,103.8,146.5,904.7,8.81,18.76,2
105.988,81.283,6.292,3.4,75.69,895,914,112.1,101.5,145.8,864.8,8.7,18.87,3
106.45823215714748,81.343,6.864,3.2,74.83,885.2367503969991,938.2,127.3,88.9,146,930.5,8.8,18.98,1
106.121,82.042,11.128,2.95,75.64,903.5,919.7,113.6,102.4,145.5,876.1,8.76,18.81,4
106.45421760813738,81.402,6.864,3.16,74.83,901.6,896.8,107.3,88.9,146.7,920.2,8.84,18.77,1
106.049,81.347,6.084,2.9,75.67,902.4,919.3,116,105.3,145.4,903,8.9,18.66,4
106.18,81.446,6.968,3.27,74.83,909.2,926.3,112.4,102.9,145.5,917.5,8.8,18.76,2
106.058,82.036,11.128,2.97,75.64,901.1,917.1,115.1,102.9,145.1,885.7,8.82,18.75,4
105.903,81.187,6.292,3.36,75.76,888.7,908.6,114.5,105.4,146.9,879.5,8.74,18.83,3
106.118,81.964,11.128,2.95,75.67,902.4,917.1,116.3,105.6,145.9,889.7,8.85,18.72,4
105.505,80.617,7.124,4.08,74.82,908.6,938.2,120.5,107.8,147,923.9,8.85,18.77,1
105.806,80.982,6.188,3.44,75.73,892.9,918.6,120.8,103.6,146.4,873.5,8.76,18.81,3
106.323,80.617,6.864,3.189277031876153,74.82,886.9,904,107.3,88.9,148.1,882.3,8.76,18.73,1
105.65,80.701,6.864,3.46,74.83,925.6,944.1,115.1,98.3,146.8,897.6,8.76,18.81,1
106.082,82.112,10.972,2.99,75.64,903.3,916.9,115.1,104.1,145.3,882.1,8.82,18.75,4
106.048,81.223,6.188,3.3,75.72,890.9,910.5,114.8,104.1,145.2,882.5,8.7,18.87,3
106.284,81.378,6.968,3.16,74.79,884.1,902.7,124.9,105.2,148.1,920.4,8.82,18.75,1
155.032,82,11.128,2.93,75.67,901.6,916.4,111.8,105.5,146.3,888.6,8.86,18.71,4
106.275,81.355,6.968,3.23,74.83,907.3,925.6,112.4,102.5,145.8,916.4,8.8,18.77,2
106.018,80.371,10.764,2.81,75.64,903.8,920.1,117.8,107.8,146.1,926.6,9.02,18.54,3
106.102,81.386,6.968,3.2,74.8,910.7,926.2,117.2,105,145.8,917.5,8.86,18.71,2
106.173,81.521,6.084,2.87,75.62,906.8,923,115.1,106.5,145.1,893.8,8.9,18.66,4
105.991,81.103,6.864,3.13,74.83,921.7,936.7,127.9,114.9,146.5,926.1,8.88,18.68,2
105.902,80.411,6.968,3.185628679635667,74.82,885.3945703918337,896.8,120.5,104.3,147,937.7,8.8,18.73,1
105.863,80.925,6.864,3.22,74.8,899.2,918.2,117.8,105.4,145.7,918.3,8.85,18.71,1
106.281,81.43,6.864,3.23,74.8,912.7,928.4,117.2,103.2,146.5,925.2,8.82,18.75,1
106.084,81.445,6.084,2.86,75.64,905.7,921.5,115.7,106.4,146.1,911.8,9.04,18.53,4
105.425,80.851,6.292,4.57,75.77,893.5,913.2,105.5,86.2,146,808.4,8.52,19.05,3
106.248,81.415,7.124,3.23,74.81,913.2,927.6,114.2,103.3,144.9,906.8,8.79,18.78,2
106.146,82.107,11.128,2.89,75.64,902.9,919.3,121.7,105.3,145,893.5,8.92,18.65,4
105.804,81.133,6.292,3.32,75.75,890.5,913.4,122.6,106.9,146.1,893.6,8.78,18.78,3
106.298,81.448,6.968,3.16,74.82,883.3,900.1,118.4,104.2,146.2,937.2,8.83,18.73,1
105.984,81.322,6.292,3.34,75.75,893.5,913.1,119.3,107,145.6,893.4,8.77,18.8,3
105.949,81.252,6.188,3.26,75.73,890.7,911.8,120.2,107.6,146,899.8,8.84,18.73,3
106.101,82.057,11.128,2.92,75.64,899.4,916,116.3,105.2,145.4,891.4,8.81,18.75,4
106.439,81.432,6.968,3.21,74.82,879.1,894.8,118.7,106.4,146.5,912.6,8.8,18.77,2
105.795,81.064,6.188,3.55,75.72,892.6,914.4,119.9,102.3,145.8,849.7,8.66,18.91,3
106.07,81.291,6.188,3.31,75.72,887.6,912,119.6,108.9,146.8,894.9,8.81,18.76,3
106.097,82.092,10.972,3,75.63,900.3,916,115.1,102.7,146.2,885.4,8.81,18.75,3
106.215,81.12,7.851999999999999,3.09,74.81,919.5,935.6,125.2,110.8,146.9,920.2,8.87,18.7,2
105.905,81.25,6.188,3.32,75.74,891.5,911,117.5,105.9,147,885.5,8.71,18.85,3
106.142,81.38,6.188,2.87,75.64,904,920.4,119.3,107.5,144.9,917.4,9.01,18.56,4
106.189,81.146,6.968,3.17,74.82,913.1,925.4,120.2,106.5,145.5,920.9,8.85,18.71,2
105.902,81.362,6.968,3.1922678860174134,74.82,879.0989213550276,895.3,120.5,106.43702565937942,147.6,937.7,8.8,18.8,1
106.406,81.536,6.968,3.22,74.81,882.1,899.2,119.6,105.1,145.5,920,8.84,18.73,1
105.762,81.114,6.239999999999999,3.44,75.75,891.8,914.4,113.3,105.6,146.5,872.6,8.73,18.84,3
106.045,81.988,11.128,2.98,75.62,900.5,917.1,112.7,102.3,146.3,877.2,8.81,18.76,4
106.195,81.342,6.968,3.25,74.81,909.6,929.7,124.9,105.1,146.3,912.9,8.82,18.74,2
106.237,81.343,7.228,3.180890558526344,74.82,878.8626503167388,896.8,120.5,104.3,147,920.2,8.85,18.76,1
106.2724057425526,81.402,6.864,4.08,74.83,903.1,901.9317185828392,113.9,88.9,147.6,923.9,8.84,18.73,1
106.341,81.339,6.968,3.27,74.8,909.4,926.5,118.7,101.7,145.7,920.2,8.76,18.81,2
106.237,81.058,7.228,3.191239253336878,74.81,901.6,919.9,120.5,106.31988882576574,145.9,937.7,8.76,18.76,1
106.324,81.373,6.968,3.22,74.82,885.9,901.2,117.2,102.6,147.1,915.4,8.81,18.75,2
105.678,81.008,6.292,3.76,75.75,895.2,914.5,106.4,95.9,147.7,827.9,8.57,19,3
106.289,81.35,6.968,3.22,74.83,913.1,929.5,113.3,102.3,146.3,908.7,8.83,18.74,2
106.253,81.349,6.864,3.17,74.81,918.2,934.8,118.7,105.5,146.5,910.8,8.86,18.71,2
106.064,81.42,6.188,2.84,75.66,905.9,922.1,125.2,110.7,147.5,921.6,8.97,18.6,4
105.988,81.04,6.864,3.11,74.81,920.4,937.2,122,110.7,147.2,931.5,8.96,18.61,2
105.873,81.195,6.188,3.32,75.74,893.1,912.1,119.3,108.4,145.8,897,8.77,18.79,3
106.079,81.413,6.084,2.86,75.65,904.6,921.5,122.3,105.8,145.6,900.1,8.96,18.61,4
105.449,81.437,6.864,3.180664848464656,74.81,885.5982951103249,895.3,104.6,106.7,145.9,920.2,8.8,18.73,1
105.991,81.085,6.968,3.17,74.8,907.9,923.8,116.3,105.4,147.4,916.2,8.88,18.69,2
106.27336701327675,80.411,6.864,3.22,74.81,885.4848258034716,918.2,127.3,106.7,147,917.5,8.82,18.98,1
105.828,81.054,6.292,3.41,75.77,894.2,915.8,116,104,146.4,867.8,8.75,18.82,4
105.616,81.04,6.292,3.88,75.75,903.5,923,107,93.4,147.3,823.4,8.55,19.02,3
106.264,81.349,6.968,3.26,74.81,908.4,926,115.4,104.2,145.8,909.3,8.81,18.76,2
105.672,81.043,6.292,3.82,75.76,896.3,916.4,116.3,97.7,148.6,844.8,8.62,18.95,3
106.107,82.027,11.128,2.99,75.61,900.3,916.7,118.4,103.6,146.6,874,8.8,18.77,4
106.4748273,81.162,6.864,3.16,74.82,879.4108705141836,902.0336532778018,127.3,104.9,145.6,922.3,8.85,18.73,1
106.2768347,81.362,6.864,3.1905989196404674,74.83,920.1083233376522,919.9,120.5,104.9,146.1,874.6,8.76,18.71,1
106.269,81.286,7.124,3.18,74.8,887.8,904.6,121.4,106.1,145.5,920.3,8.78,18.78,2
106.115,81.974,10.972,2.86,75.65,901.2,916.2,119.9,107.3,145.7,901.1,8.94,18.63,4
106.478,81.362,6.968,3.22,74.82,879.1,895.3,120.5,104.3,145.6,917.5,8.8,18.77,1
105.944,80.617,7.228,3.22,74.82,901.6,935.9,104.6,106.2,146.1,937.7,8.83,18.89,1
105.963,81.244,6.292,3.31,75.73,895.5,914.4,115.7,105.1,146.7,888.9,8.73,18.84,3
106.136,82.034,11.128,2.96,75.62,899.8,916,118.1,103.2,146.1,881.4,8.78,18.78,4
105.528,80.808,6.292,4.65,75.74,894.8,917.5,101.3,86.3,147.9,831.6,8.63,18.94,3
106.122,81.923,10.868,2.9,75.62,904,921.4,117.2,105.1,145.6,898.3,8.89,18.68,4
105.121,79.593,6.292,3.29,75.73,895.3,915.6,114.8,107.1,146.8,896.4,8.77,18.8,3
106.46945670417936,81.362,6.864,3.188458876,74.82,901.6,919.9,127.3,104.3,145.8,937.7,8.85,18.72,1
105.902,81.265,6.292,3.31,75.74,890.9,911.4,109.7,104.2,145.3,887.9,8.76,18.81,3
150.692,82.001,10.972,2.95,75.61,900.5,916.6,115.1,102.8,145.1,887.4,8.84,18.73,4
106.065,82.109,11.128,2.96,75.65,899.4,916.6,113.6,102.3,146.1,871.4,8.78,18.78,4
106.4537481165243,81.343,6.864,3.1812043187475285,74.82,919.2814907,904,127.3,106.47795079942878,147,882.3,8.8,18.73,1
105.845,81.182,6.188,3.35,75.74,890.7,911.8,116,105.5,146.6,889.1,8.72,18.85,3
106.098,81.981,10.972,2.83,75.62,902.5,916.6,113.6,106.7,145.4,917.2,8.93,18.64,3
105.963,81.02,7.124,3.16,74.81,908.6,921.7,128.5,110.2,146.2,922.2,8.88,18.69,2
105.827,81.127,6.188,3.35,75.74,891.5,913.2,116,107.2,147.3,879.5,8.76,18.81,3
106.167,81.212,6.864,3.19,74.81,909.2,927.3,118.1,103.1,146.1,920.4,8.84,18.72,1
105.933,81.334,6.188,3.32,75.73,890.9,910.8,116.3,107,146.1,879.2,8.72,18.84,3
106.038,81.964,11.128,2.93,75.65,901.4,918.6,119.9,105.9,145.4,899.1,8.92,18.65,4
106.139,82.048,11.128,2.92,75.64,902.5,920.1,121.1,106.6,145.6,887.7,8.86,18.7,4
105.887,81.242,6.188,3.26,75.75,890.4,910.8,121.4,106,146.3,885.8,8.77,18.79,3
104.973,79.668,6.292,4.4,74.89,893.9,911.8,98.3,85.7,146.3,801.8,8.44,19.13,3
106.105,81.342,6.864,3.22,74.81,909.9,929.5,122.9,105.1,146,920.5,8.86,18.7,1
106.258,81.229,6.968,3.19,74.82,910.3,928,122.3,106.1,145.6,913.8,8.84,18.73,2
106.045,81.971,11.128,2.89,75.62,900.9,916.7,120.8,105.6,145.5,892.5,8.86,18.71,4
106.246,81.25,6.968,3.17,74.83,914.4,927.5,116,106.1,145.9,931.9,8.85,18.72,2
105.449,80.617,6.864,3.1879875907327384,74.82,879.7239630309325,895.3,116.9,88.9,145.8,920.2,8.85,18.8,1
106.058,81.94,11.128,2.89,75.65,903.6,918,117.8,106,148.3,885.8,8.86,18.71,4
106.196,81.337,7.124,3.21,74.8,912.9,927.3,117.2,106.5,145.4,910.6,8.81,18.76,2
106.322,81.312,6.968,3.27,74.83,919.3,937.2,119,104.1,147.7,901.4,8.81,18.76,2
106.031,81.467,6.188,2.88,75.63,903.8,919.7,116.9,105,145.2,895.6,8.93,18.64,4
106.486,81.383,6.968,3.22,74.81,879.8,896.3,117.8,104.1,145.5,909.5,8.78,18.79,2
106.006,81.035,7.124,3.19,74.82,909,922.3,114.8,105.3,145.7,930.6,8.79,18.77,1
106.012,81.151,6.968,3.16,74.81,907.7,925.2,115.4,106.4,146.3,927.1,8.87,18.7,1
106.084,82.011,11.128,2.99,75.64,900.1,916.9,111.5,101.7,145.5,872.3,8.74,18.83,4
106.138,81.997,11.128,2.95,75.67,902,916.4,117.5,104,145.8,873,8.79,18.78,4
116.878,81.989,11.128,2.98,75.64,900,916.2,112.4,102.1,145.9,887.3,8.87,18.7,4
105.865,81.188,6.188,3.41,75.73,894.6,916,117.2,109.6,147.9,863.7,8.63,18.94,3
106.16,81.975,11.128,3.02,75.64,900.9,917.7,111.8,102.5,145.1,866.8,8.8,18.77,4
106.149,81.453,6.136,2.84,75.65,905.9,920.3,126.1,109.5,146.3,907.9,8.88,18.69,4
105.913,80.873,6.864,3.16,74.83,918.6,937.4,124.7,110,145.7,910.6,8.84,18.72,2
105.902,80.411,6.968,3.16,74.82,903.1,896.8,113.9,106.2,146.7,920.2,8.68,18.76,1
106.44657922541823,80.617,6.864,4.08,74.83,879.9506063771487,935.9,113.9,106.7,145.6,882.3,8.85,18.77,1
105.854,81.273,6.292,3.33,75.76,892.8,915.6,117.5,106.8,146,893.4,8.82,18.74,3
136.591,82.006,11.076,2.92,75.64,901.4,916,121.7,104.3,144.8,885.6,8.83,18.74,4
106.318,81.354,6.864,3.19,74.8,913.4,929.5,120.5,105.5,146.9,923.7,8.84,18.73,1
105.967,81.221,6.239999999999999,3.26,75.74,890.2,911,116,108.3,146.3,901.2,8.81,18.75,3
106.228,81.29,6.968,3.19,74.81,916.9,934.3,119.9,104.4,145.7,914.3,8.84,18.72,2
106.315,81.331,6.968,3.25,74.81,910.8,924.5,113.9,103.7,147.2,905,8.75,18.81,2
106.092,81.404,6.084,2.86,75.63,903.6,918.8,117.8,106.7,145.3,892.4,8.91,18.66,4
106.3,81.339,6.968,3.28,74.83,912,928,115.4,102.5,146,911.2,8.77,18.79,2
105.944,80.411,6.864,3.16,74.83,919.8396500163706,902.7470721265946,120.5,93.1,145.9,917.5,8.68,18.77,1
105.449,81.027,6.864,3.1865623092503443,74.83,879.5321324383543,935.9,120.5,106.57321920249468,147,917.5,8.85,18.77,1
106.05,81.196,6.968,3.19,74.81,908.6,926.5,114.5,103,145.7,931.2,8.87,18.7,1
106.233,81.223,6.968,3.16,74.8,909,925.2,119.9,106.4,145.6,919.4,8.84,18.72,2
105.505,80.411,6.864,4.08,74.81,908.6,902.3448234,120.5,106.50349562132968,147,933.1,8.8,18.98,1
106.45,81.487,6.968,3.19,74.82,881.5,897.9,117.8,104.9,145.5,932.4,8.85,18.72,2
106.115,81.935,11.128,2.93,75.64,900.3,917.1,110.6,103.5,146.8,889.7,8.84,18.72,4
106.04,82.072,11.128,2.87,75.65,901.4,916.2,122.9,105.7,145.4,909.4,8.97,18.6,4
106.46427292821626,80.411,6.864,3.1899140863701323,74.82,908.6,918.2,120.5,106.48645096823525,148.1,882.3,8.76,18.77,1
105.767,80.882,6.968,3.29,74.82,897.4,913.4,113.9,102.1,147,915.8,8.82,18.75,2
104.7,78.872,6.292,3.4,74.86,890.4,912.1,121.1,105.8,146,813.4,8.45,19.12,3
106.168,81.463,6.084,2.91,75.65,902.7,918.4,120.8,104.7,146.9,895.2,8.93,18.63,4
106.375,81.401,6.968,3.31,74.81,918.6,938,114.8,101.1,146.8,902.1,8.84,18.72,2
105.535,80.829,6.292,4.34,75.72,898.9,925.2,101.6,86.4,146.2,825.6,8.56,19.01,3
124.391,80.844,6.968,3.17,74.81,916.7,933,124.7,110,146.1,914.9,8.88,18.69,2
106.309,81.327,6.968,3.27,74.82,911.4,928,119.6,103.7,145.6,907.9,8.76,18.81,2
106.4761843026486,80.617,7.124,3.16,74.83,886.9,904,116.9,104.3,145.6,922.3,8.82,18.73,1
105.794,81.13,6.292,3.31,75.71,890.7,913.4,119.6,108.9,145.3,890.2,8.77,18.79,3
106.275,81.465,6.864,3.24,74.81,914,933.4,115.4,103.3,146.3,915.1,8.79,18.78,2
106.323,81.437,6.968,3.179555413619443,74.81,901.6,938.2,127.3,106.7,145.6,917.5,8.76,18.89,1
105.598,80.983,6.292,3.91,75.73,901.1,925.6,105.5,93.1,146.4,824.3,8.53,19.04,3
106.185,81.423,6.084,2.89,75.62,905.3,921.7,121.1,107.5,147.1,892.6,8.85,18.72,4
105.753,81.184,6.188,3.57,75.73,893.7,913.6,115.4,102.5,146.1,846.3,8.64,18.93,3
105.931,81.264,6.188,3.34,75.72,894.1,913.6,114.8,105.4,147.1,887.4,8.78,18.79,3
106.122,82.049,11.128,2.92,75.61,899.8,916.2,113.3,104.8,145.3,890.3,8.91,18.66,4
106.072,81.376,6.084,2.88,75.64,905.3,919.7,120.8,107.9,146.1,899.6,8.96,18.61,4
106.183,82.006,11.076,2.89,75.64,902,920.3,113.6,105.2,145.3,907,8.97,18.6,4
106.27295630124225,80.617,6.864,3.2,74.83,908.6,918.2,116.9,106.48202787270958,146,920.2,8.85,18.73,1
105.987,81.123,6.968,3.14,74.8,909.9,925.2,119,105.4,145.2,928.2,8.89,18.68,2
105.944,81.402,7.228,3.16,74.83,908.6,938.2,120.5,104.9,145.9,917.5,8.85,18.89,1
106.147,81.441,6.084,2.85,75.64,905.5,923,117.5,108.3,145.7,912.6,9.03,18.54,4
106.117,82.044,11.128,2.93,75.64,900.9,918.2,118.7,104.3,146,887,8.85,18.72,4
105.966,81.309,6.292,3.31,75.76,894.6,913.6,122.9,106.9,145.8,894.7,8.78,18.79,3
106.277,81.339,6.968,3.17,74.81,908.4,924.1,113.6,105.5,146.4,921.4,8.84,18.73,1
106.269,81.454,6.968,3.24,74.8,908.6,925.1,114.8,105.5,145.5,916.8,8.81,18.75,2
105.449,81.437,6.968,3.16,74.83,908.6,918.2,120.5,107.3,147.6,937.7,8.76,18.89,1
106.44663439064908,81.027,6.864,3.22,74.83,908.6,918.2,118.4,106.39342860362812,145.9,933.1,8.68,18.8,1
105.626,80.978,6.188,3.71,75.71,892.6,910.3,116.6,96.8,147.4,829.9,8.6,18.97,3
106.27380162242537,81.027,6.968,3.82,74.82,879.3634548290732,895.3,127.3,88.9,146,933.1,8.85,18.73,1
106.038,81.976,11.128,2.9,75.62,900.9,918,119,105.3,146.6,890.9,8.88,18.69,4
106.086,82.004,11.18,2.96,75.63,900.5,916.2,121.7,104.2,145.4,889.2,8.86,18.71,4
90.34,81.094,7.851999999999999,3.08,74.81,917.5,937,130.3,111.8,145.2,943,8.98,18.59,2
106.128,81.233,6.864,3.17,74.82,909.9,926.3,119.9,106.6,145.1,913.3,8.87,18.7,2
106.252,81.238,6.968,3.2,74.81,919,935.9,113.9,104.8,146.2,920.8,8.82,18.75,2
106.301,81.351,6.968,3.22,74.82,912.9,929.7,115.7,104.4,146.3,908.8,8.81,18.76,2
105.886,81.2,6.292,3.34,75.74,895.3,913.8,118.7,105.1,145.8,892.9,8.76,18.8,3
105.944,80.411,7.124,3.1821867769941274,74.82,908.6,918.2,120.5,93.1,147.6,937.7,8.68,18.8,1
106.045,82.069,11.128,2.96,75.65,900.7,917.1,113.9,102.8,145.4,896.3,8.9,18.67,4
106.236,81.329,6.968,3.19,74.82,909.7,927.5,114.8,105.7,146.7,913.3,8.8,18.76,2
106.33,81.386,6.968,3.29,74.82,918.6,938.9,114.2,102.2,145.2,899.2,8.82,18.75,2
106.137,82.024,11.128,2.85,75.61,900.9,920.6,117.5,107.4,145.1,924.1,8.98,18.59,3
151.015,82.064,10.868,2.78,75.64,904.9,920.8,122.3,109.6,146.8,927.6,9.01,18.56,4
105.944,80.411,6.864,4.08,74.81,919.3508018893214,938.2,118.4,106.4787354579288,147,874.6,8.85,18.75,1
105.926,81.334,6.188,3.31,75.72,895.3,913.6,115.7,105.7,146.6,888.2,8.71,18.85,3
106.237,81.437,7.124,3.82,74.82,903.1,935.9,118.4,107.8,146.1,874.6,8.83,18.98,1
105.937,81.259,6.292,3.31,75.72,891.5,913.8,119.6,106.8,145.9,886.1,8.76,18.81,3
105.597,80.915,6.292,3.85,75.75,900.3,925.8,112.1,95.5,146.5,825.7,8.55,19.02,3
105.782,80.865,7.124,3.27,74.82,897.2,914,119.6,103.4,146.4,905.3,8.81,18.76,2
106.308,81.414,6.968,3.18,74.79,909.4,925.6,118.4,105.1,146,929.5,8.81,18.75,1
105.52,80.909,6.292,3.99,75.77,898.9,923.2,104.9,92.5,145.7,815.7,8.48,19.09,3
106.09,81.477,6.084,2.87,75.62,907.3,922.3,116.3,105.9,145.5,901.3,8.94,18.62,4
105.944,81.162,6.968,3.184590439911438,74.83,908.6,902.4401333713596,107.3,104.9,145.6,926.5,8.82,18.89,1
106.199,81.281,7.124,3.19,74.82,908.6,925.6,118.1,105.9,146,915.7,8.82,18.75,2
106.258,81.341,6.968,3.22,74.81,913.6,928.6,115.1,106.5,146.3,912.5,8.84,18.72,2
105.895,81.181,6.188,3.31,75.75,893.9,915.3,122.6,107.3,146.3,890.9,8.74,18.83,3
106.224,81.338,6.968,3.17,74.8,912.3,926.9,115.7,106.4,146.1,915.2,8.86,18.71,2
106.11,81.314,6.968,3.25,74.81,907.5,925.8,114.2,103.2,145.8,905.1,8.79,18.77,2
106.055,81.974,10.868,2.93,75.62,901.1,917.9,115.4,104.3,145.6,887.4,8.87,18.7,4
105.957,81.265,6.188,3.34,75.73,889.8,912.1,118.1,104.5,146.7,880.3,8.73,18.83,3
139.166,82.066,11.128,2.91,75.67,901.4,917.9,121.1,105.4,146.1,890.8,8.87,18.7,4
106.154,82.037,11.128,2.95,75.62,902,919.5,113.9,104.4,146.1,889.3,8.88,18.69,4
106.26,81.254,6.864,3.26,74.81,913.8,930.6,116.6,103.5,146.5,911.9,8.81,18.76,2
106.345,81.385,6.968,3.18,74.83,884.8,900.7,123.8,108.3,147.6,913.3,8.81,18.76,2
121.383,81.155,7.851999999999999,3.17,74.83,917.9,936.5,121.4,106.9,145.9,915.6,8.88,18.69,2
106.049,82.015,10.868,2.89,75.68,901.6,916.7,113.9,106.1,145.8,898.2,8.93,18.64,4
106.054,81.415,6.188,2.87,75.61,903.6,919.9,116.6,107.3,145.7,913.2,8.97,18.6,4
105.696,81.003,6.292,3.32,75.73,892.8,912.7,122,112.7,148.6,891.8,8.77,18.79,3
106.13,81.493,6.188,2.86,75.65,906,921.2,114.5,105.7,145.1,904.8,8.98,18.59,4
106.47583242326913,81.402,6.864,3.184192709050086,74.82,885.4228609870777,919.9,120.5,107.8,148.1,874.6,8.84,18.73,1
106.089,82.079,11.18,3.01,75.63,900,916.6,114.5,101.1,148.1,873.6,8.79,18.77,4
106.252,81.293,6.968,3.18,74.8,912,927.6,116.3,106.4,145.4,912.7,8.85,18.71,2
106.238,81.393,6.968,3.25,74.82,910.1,928,111.5,103.5,147.2,905.2,8.78,18.78,2
106.191,81.22,6.864,3.2,74.83,910.8,925.2,120.2,105.5,145.7,919,8.83,18.74,1
106.127,82.122,11.128,2.99,75.64,900.7,916.2,113.6,103.5,145.8,872.4,8.78,18.79,4
104.453,78.409,6.292,3.71,74.88,902.4,918.2,110,96.6,147.2,780.5,8.33,19.23,3
106.282,81.385,6.864,3.2,74.83,913.4,930,119,104.7,145.8,917.7,8.81,18.76,2
106.27304265034051,80.411,6.864,4.08,74.82,885.0213666931486,896.8,113.9,104.3,147,933.1,8.83,18.76,1
105.768,81.043,6.292,3.68,75.75,893.3,915.1,115.7,100.2,146.3,829.4,8.57,19,3
110.874,81.231,7.851999999999999,3.1,74.81,920.3,938.2,123.5,112.1,145.6,923.1,8.91,18.66,2
106.337,81.258,6.968,3.2,74.81,912.5,928.9,116.6,105.5,146.3,913.4,8.84,18.72,2
106.108,81.462,6.084,2.85,75.64,904,921.5,114.2,105.8,146.2,915.5,8.95,18.62,4
105.746,81.104,6.292,3.34,75.74,890.2,912.3,118.1,108.1,146.8,892.4,8.75,18.82,3
106.323,80.617,6.864,3.198243094370966,74.83,919.9743942,918.2,127.3,106.2,146.7,937.7,8.8,18.72,1
105.815,80.944,6.968,3.18,74.82,901.8,915.1,111.2,103.5,145.8,918.2,8.85,18.71,2
106.185,81.368,6.968,3.2,74.82,912.7,925.4,115.4,104.7,147.6,919.5,8.86,18.71,2
114.452,81.991,10.972,2.87,75.64,901.1,917.7,113.6,106,146.6,892.6,8.94,18.62,4
106.27405045216028,80.617,6.864,3.82,74.82,886.9,895.3,120.5,104.9,145.8,926.5,8.76,18.71,1
105.878,81.238,6.292,3.34,75.74,895.9,913.6,111.2,101.9,147.2,879.6,8.74,18.82,3
105.963,81.193,6.968,3.17,74.8,908.8,923.4,116.3,106.9,147.7,925.7,8.86,18.71,1
106.169,81.227,6.968,3.18,74.81,910.7,927.1,114.5,106,146.8,927.7,8.83,18.74,1
106.105,82.138,11.128,2.92,75.67,904,919.3,114.2,106,145.3,899.8,8.88,18.69,3
106.156,81.313,6.968,3.24,74.81,913.2,927.5,115.4,102.9,145.7,914.2,8.78,18.78,2
106.355,81.381,6.968,3.28,74.83,919.5,938.3,112.7,102.4,145.9,901.7,8.73,18.84,2
105.902,81.162,6.864,3.2,74.81,919.6976306273114,919.9,107.3,93.1,145.6,926.5,8.81,18.72,1
106.136,82.04,10.972,2.9,75.61,900.7,916.7,114.5,105.8,145.7,908.5,8.87,18.7,3
106.244,81.408,6.968,3.22,74.8,910.7,928,118.4,105.8,148.6,915.4,8.79,18.78,2
106.27458704720192,80.411,6.864,4.08,74.83,885.2848992,903.1863988,104.6,106.7,147.6,922.3,8.68,18.89,1
105.797,80.802,6.864,3.2,74.8,917.3,936.5,117.8,107.8,145.5,921.8,8.86,18.71,2
106.074,81.469,6.084,2.89,75.64,905.3,920.1,116.9,105.5,145.2,907.9,8.92,18.64,4
106.242,81.349,6.968,3.18,74.83,887,903.5,115.4,103.3,146.6,925.1,8.88,18.69,2
105.505,81.471,7.228,3.190686026280491,74.82,879.4793766369471,926.3,113.9,104.3,147,933.1,8.84,18.89,1
106.534,81.384,6.968,3.2,74.81,880,896.3,113.6,104.9,146.6,912,8.79,18.78,2
106.465,81.38,6.968,3.19,74.8,881.9,897,119.3,104.7,146.3,926.3,8.82,18.75,2
106.293,81.295,6.968,3.2,74.84,912.1,925.4,121.7,106.9,146.2,912.4,8.85,18.72,2
106.079,82.099,10.868,2.88,75.65,902.2,919.9,118.1,105.7,146.1,887.6,8.91,18.66,4
106.131,81.448,6.084,2.88,75.62,905.3,919.9,122.3,105.7,146.2,920.2,9,18.57,4
133.78,82.066,10.972,2.89,75.61,900.5,916.6,118.1,106.1,145.1,887.5,8.83,18.73,4
106.147,81.209,6.968,3.2,74.83,910.3,926,115.4,105.8,147.1,913.9,8.81,18.76,2
105.95,81.286,6.188,3.28,75.73,890,909.9,119.3,105.3,146,890.4,8.79,18.77,3
106.1,82.096,11.128,2.92,75.63,903.1,920.3,114.2,104.2,145.9,884.1,8.76,18.8,4
105.966,81.262,6.188,3.29,75.72,894.2,916,114.5,106.9,146.7,902.4,8.86,18.7,3
147.789,82.099,11.128,2.94,75.65,900.9,915.6,116,104.4,146.4,887.3,8.86,18.71,4
106.308,81.435,6.968,3.16,74.81,881.5,899.2,119.6,105,147.1,921.9,8.81,18.76,1
105.859,81.155,6.188,3.31,75.74,892.2,913.8,127,106.9,145.8,886.5,8.75,18.82,3
106.297,81.409,6.968,3.17,74.81,884.3,901.1,121.4,106.4,145.8,928.1,8.85,18.71,1
106.002,81.157,6.968,3.17,74.83,908.4,923.8,113.6,105.3,146.6,932.4,8.91,18.66,2
105.863,80.766,6.864,3.4,74.82,916.2,935.6,118.1,104.7,147.1,896.6,8.78,18.78,2
106.075,82.108,11.128,2.87,75.64,900.1,916.9,118.7,108.4,146.5,906.6,8.91,18.66,4
106.096,81.221,6.968,3.17,74.82,912.1,928.4,118.4,105.2,145.3,923,8.85,18.72,2
106.162,81.452,6.084,2.88,75.66,902.7,918,115.1,106.2,147.3,913.4,8.97,18.6,4
85.441,81.177,7.851999999999999,3.1,74.81,919.7,939.4,127.6,109.9,145.5,922.5,8.9,18.67,2
106.138,81.124,7.124,3.19,74.82,922.3,935.9,121.1,109.6,146.7,912.5,8.9,18.67,2
107.379,81.944,10.972,2.86,75.62,901.2,918.2,116.6,106.7,145.9,904.6,8.96,18.6,3
105.878,81.018,6.968,3.13,74.81,921.2,937,118.7,110.9,146,918,8.87,18.7,2
105.999,81.07,7.851999999999999,3.1,74.81,921.2,937,126.7,111.1,146.2,925.3,8.9,18.67,2
106.351,81.357,6.968,3.25,74.81,911.8,927.5,117.2,104.4,147.2,911.8,8.81,18.76,2
105.967,81.344,6.292,3.27,75.72,890.9,910.1,114.5,106.7,145.6,893.1,8.76,18.81,3
106.099,81.397,6.084,2.86,75.61,904.8,920.4,121.1,108.4,147.8,898.5,8.88,18.69,4
106.008,81.25,7.124,3.18,74.82,909.2,925.4,112.7,104.5,146,924.2,8.85,18.72,1
106.07,82.138,11.128,2.91,75.63,900.1,916,111.8,104.5,146,891.3,8.87,18.7,4
106.159,81.394,7.124,3.2,74.8,908.4,925.8,119.9,105.5,145.5,914.9,8.85,18.72,2
105.711,81.099,6.292,3.65,75.73,894.1,917.5,111.2,97.4,146.1,828.8,8.56,19,3
106.323,81.471,6.968,3.190281858647325,74.81,920.2746318,902.6278484923204,116.9,106.50400283646462,145.6,926.5,8.76,18.76,1
105.841,81.094,6.292,3.35,75.74,888.9,913.2,115.4,106.6,146.2,890.4,8.78,18.79,3
106.47049571526136,81.362,7.124,3.184944029038212,74.83,885.2382244080794,902.0833827,113.9,104.9,147,923.9,8.85,18.8,1
105.182,79.975,6.292,6.61,74.89,895.2,915.3,94.5,76.5,146.8,897.9,8.89,18.67,3
106.27471631804038,80.617,6.864,3.16,74.83,903.1,935.9,120.5,104.9,146.1,882.3,8.68,18.73,1
105.938,81.23,6.292,3.28,75.7,890.7,917.3,119,106,145.5,897.4,8.8,18.77,3
106.237,81.027,6.968,3.22,74.81,880.2913458253767,926.3,107.3,107.8,146.7,930.5,8.59,18.8,1
106.212,81.29,6.968,3.2,74.81,910.1,926.3,112.7,103.2,145.5,912.2,8.8,18.77,2
106.223,81.348,6.968,3.22,74.82,909,927.8,115.4,104.1,145.3,921.4,8.86,18.71,2
105.912,81.271,6.292,3.33,75.74,894.6,915.3,122.3,108,146.4,887.6,8.73,18.84,3
106.323,80.617,6.968,3.197318365825224,74.83,908.6,935.9,113.9,107.3,147.6,917.5,8.83,18.77,1
106.058,81.493,6.188,2.92,75.61,904.4,919.5,127.3,106.6,145.2,919.6,8.97,18.59,4
105.902,81.343,6.968,3.82,74.83,879.8904866923222,902.2506268499528,118.4,104.9,145.9,926.5,8.76,18.76,1
105.568,80.854,6.292,4.13,75.74,900.7,923,106.1,90.5,146.6,808.5,8.53,19.04,3
106.23,81.379,6.968,3.29,74.83,912.9,928.4,114.2,100.3,147.6,901,8.77,18.8,2
105.918,81.165,6.188,3.31,75.74,889.6,914.5,118.1,107.1,145.9,888.9,8.76,18.81,3
106.081,82.013,10.972,3,75.63,898.8,915.1,116.6,102.6,147.4,879,8.8,18.77,3
105.991,81.289,6.292,3.3,75.76,889.8,914.4,118.1,106.9,145.7,895.9,8.77,18.8,3
105.449,81.402,6.864,3.16,74.83,885.5570687,919.9,116.9,106.7,145.8,937.7,8.68,18.73,1
106.48662706605106,81.437,6.864,3.16,74.83,908.6,938.2,120.5,107.8,145.6,920.2,8.59,18.72,1
106.132,81.446,6.084,2.92,75.67,904.6,920.6,111.8,104.1,145.8,886.6,8.86,18.71,4
106.27478511665429,81.362,7.228,3.16,74.81,886.9,926.3,107.3,106.2,146,882.3,8.81,18.8,1
105.94,81.194,6.188,3.25,75.76,890,916,118.7,109.2,147.1,903.5,8.83,18.74,3
106.237,81.162,6.864,3.18,74.81,908.6,926.3,113.9,104.9,146,937.7,8.85,18.72,1
106.066,81.207,6.864,3.19,74.8,907.9,923.9,119.6,106.2,145.9,917.3,8.83,18.73,1
105.505,81.343,6.968,3.22,74.82,879.5888493233203,896.8,107.3,106.50958127667064,145.8,920.2,8.82,18.75,1
105.921,81.167,6.188,3.29,75.74,894.1,915.3,118.1,106.5,146.2,903.1,8.79,18.78,3
106.43681251017524,80.617,6.864,3.1909877656057084,74.82,886.9,926.3,113.9,106.7,147,920.2,8.76,18.76,1
105.944,80.411,6.864,3.2,74.82,908.6,896.8,127.3,106.42455004457466,145.6,930.5,8.85,18.98,1
149.97,82.054,10.972,2.87,75.65,903.8,919.7,116.6,106.8,148.3,919.5,9.03,18.53,4
106.109,81.954,11.232,3,75.69,903.8,919.7,114.8,103.1,148.1,875.5,8.79,18.78,4
105.711,80.819,6.916,3.35,74.81,928.7,945,112.4,101.3,147.1,903,8.73,18.84,1
106.154,81.489,6.188,2.86,75.62,905.3,920.1,115.4,105.7,145.2,913.7,8.92,18.65,4
105.914,81.273,6.292,3.3,75.75,891.3,911.4,121.4,107.7,146.1,885,8.75,18.81,3
105.944,81.027,6.864,3.82,74.83,921.1716181047568,904,120.5,88.9,147.6,937.7,8.59,18.75,1
106.27299171502054,81.402,6.864,3.16,74.83,901.6,918.2,120.5,104.9,146,930.5,8.8,18.89,1
106.27261733355306,81.162,7.228,3.180203508744836,74.83,885.0171142199259,918.2,118.4,106.2,147,933.1,8.81,18.77,1
106.306,81.329,6.864,3.25,74.8,915.5,933.7,121.1,102.9,145.6,908.9,8.82,18.75,2
105.505,81.162,6.864,3.22,74.81,920.0866721015268,896.8,118.4,107.8,147,882.3,8.81,18.73,1
106.074,82.078,11.128,2.89,75.65,903.3,920.1,120.5,106.1,145.1,904.8,8.93,18.64,4
106.117,81.519,6.188,2.87,75.63,902.7,919.3,120.2,107.2,145.5,909.6,8.95,18.62,4
106.322,81.45,6.968,3.29,74.84,909,926.7,115.7,104.2,146.7,904.6,8.8,18.77,2
106.237,81.402,6.864,3.2,74.81,879.4671075689242,938.2,116.9,106.57970029067974,145.9,882.3,8.82,18.75,1
106.094,81.342,6.084,2.87,75.65,906.6,922.8,113.6,106.9,146.1,907.1,8.92,18.65,4
105.944,80.411,6.864,3.22,74.82,885.5080781724425,938.2,113.9,104.3,145.8,917.5,8.85,18.73,1
106.097,81.316,6.968,3.22,74.79,913.1,927.8,117.2,105.5,147.6,915.2,8.84,18.72,2
105.505,81.437,6.968,3.2,74.81,908.6,895.3,116.9,104.9,147.6,937.7,8.59,18.76,1
106.021,81.423,6.136,2.87,75.62,904.4,920.3,119.9,106.3,145.4,889.1,8.87,18.69,4
105.766,81.049,6.188,3.4,75.73,892.4,916.7,116.9,105.6,146.6,875.3,8.71,18.86,3
106.033,81.077,7.851999999999999,3.17,74.81,918.2,937.4,118.4,109,145.3,912.1,8.85,18.71,2
105.653,81.033,6.292,3.78,75.72,892.2,919.3,107.6,95.9,147.6,832.2,8.56,19.01,3
106.022,81.109,7.955999999999999,3.12,74.8,921,938.5,121.1,111.8,146.5,922.4,8.91,18.66,2
106.082,81.393,6.084,2.88,75.65,906.2,920.1,120.2,106.5,146,916.5,9.04,18.53,4
106.237,81.476,6.968,3.29,74.8,911.4,927.5,110.9,101.3,146.6,913.3,8.81,18.76,2
106.27586044567995,81.437,7.124,3.186472338464725,74.82,901.6,896.8,120.5,106.2,146.7,937.7,8.85,18.76,1
106.27116126451516,80.411,6.968,3.187625189408011,74.83,908.6,926.3,120.5,106.7,145.6,933.1,8.83,18.73,1
106.374,81.293,6.968,3.3,74.81,916.7,937.4,114.8,102.9,145.7,902.8,8.81,18.76,2
106.237,80.617,6.864,3.22,74.82,901.6,926.3,120.5,106.55026044612632,148.1,923.9,8.82,18.8,1
105.884,81.274,6.188,3.33,75.78,893.9,913.2,111.2,104.1,146.8,896.7,8.8,18.76,3
105.982,81.237,6.968,3.19,74.82,908.8,925.8,116,103.5,146.5,910.6,8.84,18.73,2
106.243,81.431,6.968,3.2,74.83,912.1,929.3,117.8,105.9,146.4,914.3,8.87,18.69,2
105.944,81.162,6.968,3.16,74.82,885.3305872220088,895.3,116.9,106.47420117145266,147,874.6,8.59,18.73,1
106.127,81.477,6.084,2.92,75.64,907.3,920.4,119,105.8,145.2,895.9,8.85,18.72,4
106.009,81.276,6.292,3.24,75.72,890.4,910.5,122.3,109.2,147.3,887.6,8.73,18.83,3
105.505,80.617,7.124,3.1871843937100066,74.83,920.6732838437242,896.8,120.5,106.41311196635516,146.7,917.5,8.85,18.76,1
152.034,82.021,10.972,2.91,75.62,905.1,920.8,119,105.7,149.2,911.1,8.88,18.69,4
106.13,81.941,11.024,2.87,75.61,900.9,918,121.4,106.5,145.1,910.5,8.94,18.62,4
106.46446047161996,81.058,6.864,3.22,74.83,901.6,919.9,127.3,88.9,147,874.6,8.85,18.71,1
106.037,81.485,6.084,2.87,75.66,905.5,921.2,114.8,105.1,146.9,895,8.88,18.68,4
105.98,81.261,6.292,3.32,75.73,897.6,915.1,110.9,104,145.7,892.8,8.79,18.78,3
106.302,81.343,6.968,3.25,74.82,910.5,928.4,116.3,104,147,911.3,8.79,18.78,2
105.998,81.337,6.188,3.24,75.72,889.8,911.4,124.1,109.6,145.3,904.3,8.81,18.76,2
106.133,81.986,11.128,2.99,75.64,903.3,917.3,114.2,102.9,145.6,875.6,8.77,18.8,4
105.454,80.808,6.292,4.78,75.73,891.8,909.4,94.2,83.3,145.8,811,8.49,19.08,3
106.011,81.31,6.188,3.26,75.73,894.8,912.9,120.5,106.4,144.8,900.5,8.77,18.8,3
105.505,81.437,6.968,3.16,74.82,901.6,935.9,120.5,104.9,146.7,917.5,8.84,18.73,1
112.771,81.945,11.128,2.89,75.67,903.3,918.2,119.6,105.8,145.4,904.9,8.97,18.59,4
106.136,82.105,11.128,2.92,75.61,900.7,916.2,115.7,104.7,145.5,918.2,8.97,18.6,4
106.287,81.326,6.968,3.22,74.82,884.1,900.9,119.9,105.5,145.9,915.5,8.8,18.77,2
105.505,80.617,6.864,3.82,74.81,919.7,938.2,104.6,93.1,147.6,882.3,8.68,18.89,1
105.883,81.312,6.188,3.34,75.77,889.3,909.2,117.5,107.3,144.9,890.9,8.77,18.8,3
105.918,81.324,6.292,3.29,75.74,895.2,913.1,115.7,106.7,146.3,895.2,8.81,18.76,3
106.264,81.316,6.968,3.25,74.8,912.3,929.1,112.1,103.2,147.6,911.9,8.85,18.72,2
106.109,82.019,11.128,2.95,75.63,900.9,916,116,103.3,145.2,894.1,8.88,18.69,4
106.22,81.334,6.968,3.2,74.81,909.2,926.7,111.2,102.7,146.5,909,8.81,18.75,2
106.047,81.397,6.084,2.89,75.63,905.9,921.4,117.5,106.5,145,906.1,8.91,18.66,4
105.834,80.956,6.292,3.41,75.74,895,913.2,113.6,104.1,146.3,866.3,8.67,18.9,3
106.258,81.296,6.864,3.16,74.81,884.6,903.5,119.6,107.6,146.1,920.9,8.83,18.73,1
106.114,81.983,11.128,2.88,75.64,901.2,917.3,115.7,105.2,145.2,907.4,8.97,18.6,4
106.277,81.12,6.968,3.23,74.8,910.7,924.7,111.5,104.1,145.7,913.1,8.77,18.8,2
105.944,81.162,6.864,3.22,74.81,903.1,902.1419351655444,104.6,106.2,147,922.3,8.85,18.71,1
105.601,80.945,6.292,4.09,75.74,901.6,923.9,108.8,90.4,147.2,822.9,8.51,19.06,3
106.013,81.09,6.968,3.17,74.8,907.2,923.9,114.8,106.5,146,914.7,8.83,18.74,2
106.459,81.534,6.968,3.18,74.8,880,898.3,118.7,106,145.2,924.6,8.81,18.76,1
106.283,81.358,7.02,3.24,74.81,912,926.5,119,105.2,146,909.9,8.81,18.76,2
106.136,81.18,6.968,3.21,74.8,911.4,927.8,111.8,103.8,146.5,912.1,8.82,18.75,2
106.233,81.249,6.968,3.19,74.8,916.6,934.3,118.1,105.3,145.4,905.8,8.84,18.73,2
105.863,80.931,6.968,3.22,74.82,902.2,919.5,121.4,107,147.3,916,8.81,18.75,2
105.795,81.146,6.292,3.4,75.74,895.9,916.9,114.5,105.3,149,867.9,8.68,18.89,3
106.29,81.198,6.968,3.23,74.81,908.4,926.7,125.2,105.5,145.9,909.9,8.8,18.77,2
106.386,81.403,6.864,3.26,74.81,910.1,925.4,113.9,102.4,147.8,907.3,8.82,18.75,2
105.449,80.411,6.864,3.182203072473849,74.83,885.7066065078106,926.3,127.3,104.9,147.6,937.7,8.82,18.8,1
105.902,81.402,7.228,3.16,74.82,885.7289652888903,926.3,107.3,106.7,147,937.7,8.8,18.8,1
106.086,81.456,6.188,2.92,75.64,904.6,919.9,121.4,106.1,145.4,916.4,8.96,18.61,4
105.672,80.958,6.343999999999999,3.77,75.74,900.1,925.4,107,95.3,145.8,827.4,8.59,18.98,3
106.344,81.239,6.968,3.22,74.82,908.4,923.8,125.2,105.8,146.2,911.2,8.81,18.76,2
106.18,81.385,6.968,3.18,74.8,884.3,902.9,114.2,106.2,145.4,911,8.83,18.74,2
106.272,81.327,6.968,3.19,74.79,883.9,900.1,117.2,104,145.4,922.5,8.83,18.74,2
105.944,81.362,6.864,4.08,74.82,920.3159758623387,904,104.6,93.1,147.6,917.5,8.59,18.72,1
105.902,80.617,6.968,3.179777968867137,74.82,886.9,902.9079503941008,127.3,107.8,147.6,926.5,8.83,18.76,1
105.488,80.519,6.864,3.83,74.83,919.1,936.5,107.9,90.2,146.6,895.5,8.77,18.79,1
106.304,81.249,6.968,3.23,74.84,917.5,935,109.4,101.2,146.3,912.3,8.83,18.73,2
106.237,81.471,6.864,4.08,74.82,901.6,918.2,116.9,106.41165516284951,146.7,917.5,8.81,18.75,1
105.956,81.194,6.188,3.32,75.71,890.7,911.4,114.2,104.2,145.6,889.6,8.77,18.8,3
105.505,81.058,7.124,3.16,74.83,920.3568615558396,918.2,116.9,93.1,147.6,922.3,8.68,18.73,1
106.143,81.396,7.228,3.26,74.81,911.6,926.5,115.1,105.1,146.4,917,8.81,18.76,2
105.834,81.021,6.292,3.25,75.74,891.5,912.5,117.2,108,146,904.9,8.89,18.68,4
106.083,81.464,6.084,2.85,75.59,904.9,919.5,116.9,107.3,145.6,923.4,8.99,18.58,4
111.029,82.054,11.128,3.01,75.61,902,920.1,117.5,103.3,149,882.5,8.83,18.74,4
105.726,80.836,6.968,3.47,74.8,928.2,943.7,118.7,99.2,148,889.4,8.73,18.84,2
105.902,81.437,6.864,3.16,74.81,901.6,902.2872667840952,120.5,106.37882884889176,146.1,937.7,8.85,18.77,1
106.059,81.494,6.136,2.89,75.63,903.5,918.2,123.8,106.8,144.8,896.4,8.92,18.65,4
106.278,81.468,6.864,3.24,74.81,906.4,925.1,122.6,104.5,145.3,906,8.86,18.71,2
106.323,80.617,6.864,3.181149015235185,74.82,903.1,895.3,120.5,88.9,146.7,917.5,8.59,18.77,1
105.505,80.411,6.864,3.1938597654949823,74.82,903.1,926.3,118.4,104.3,146,917.5,8.59,18.77,1
106.27409485088428,81.058,6.864,3.1957074393761444,74.83,879.1633988,935.9,116.9,106.2,148.1,923.9,8.59,18.72,1
105.497,80.891,6.292,4.43,75.76,895,914.5,106.7,87.8,147.6,827.8,8.53,19.04,3
105.523,80.89,6.292,4.07,75.76,893.3,918,101,91,146.4,811.4,8.52,19.05,3
105.902,80.411,6.968,3.1869325630896226,74.83,879.9538116862872,896.8,120.5,107.8,145.8,917.5,8.81,18.75,1
105.993,81.233,6.292,3.31,75.74,894.2,914.7,119.6,105.4,146.2,892.8,8.76,18.81,3
106.175,81.294,6.968,3.18,74.81,911.4,928.2,118.4,106.1,145.4,927.1,8.88,18.69,2
106.02,82.056,11.128,2.92,75.59,901.4,915.8,114.5,104.7,146.6,896.3,8.87,18.7,4
106.194,81.242,6.864,3.25,74.82,916.9,935,113.3,103.2,145.9,904.5,8.78,18.79,2
106.107,82.109,10.972,2.99,75.65,899.2,916.2,115.7,103.5,146.7,890.3,8.86,18.71,4
106.27547080674002,81.402,6.864,3.1860547006575994,74.82,919.4079018187168,938.2,127.3,88.9,145.8,923.9,8.81,18.77,1
106.247,81.317,6.864,3.25,74.79,913.6,930,121.1,103.8,145.5,905.9,8.82,18.75,2
105.83,81.08,6.188,3.41,75.73,892.6,916.6,119.3,105.5,146.2,874.9,8.73,18.84,3
106.203,81.338,6.968,3.24,74.83,910.1,929.9,114.5,104.5,145.9,901.5,8.76,18.81,2
106.324,81.329,7.02,3.2,74.82,912.3,929.7,115.7,105.4,146.8,917.9,8.84,18.73,2
106.27601419725298,81.058,6.864,3.22,74.82,885.0942138190399,919.9,113.9,106.40674857771552,148.1,933.1,8.81,18.71,1
105.84,81.073,6.188,3.34,75.74,893.1,913.4,119.9,108.6,150.5,882.1,8.71,18.86,3
105.778,80.645,6.968,3.46,74.83,917.7,933.2,114.8,101.4,146.1,874.4,8.69,18.88,2
106.134,81.435,6.084,2.86,75.67,904.8,919.9,116.9,105.2,146.1,895.8,8.94,18.63,3
105.909,81.102,6.188,3.33,75.73,893.9,916.9,115.4,107.6,146.6,882.9,8.74,18.83,3
106.236,81.365,6.864,3.22,74.79,918.2,935,114.8,102.4,146.3,913.3,8.83,18.74,2
105.944,81.471,6.864,3.22,74.81,886.9,904,120.5,106.55781664610942,145.6,920.2,8.59,18.71,1
106.07,81.454,6.084,2.81,75.62,905.3,920.6,119.6,108.9,145.2,924,9,18.57,4
106.359,81.359,6.968,3.16,74.83,907.3,924.7,120.8,106.1,145.2,919.8,8.84,18.73,2
106.4587629095648,81.162,6.864,3.2,74.83,919.9132001925126,902.3395081906394,120.5,88.9,145.9,937.7,8.68,18.71,1
106.093,82.079,11.128,2.96,75.64,902,919.3,115.7,103.3,145.5,876.8,8.79,18.78,4
106.1,81.427,6.136,2.86,75.65,906.4,920.3,124.9,108.9,147.3,908.2,9.01,18.56,4
106.205,81.295,6.968,3.24,74.81,908.6,926.3,116.6,103,146.1,908.6,8.79,18.77,2
106.275,81.287,6.968,3.23,74.81,910.8,928.2,118.1,104.4,146.5,916.5,8.83,18.74,2
106.039,81.256,6.188,3.25,75.74,895.2,913.8,120.2,108.8,146.4,905.4,8.86,18.7,3
106.109,82.053,10.972,2.89,75.64,901.8,917.3,114.2,105.6,145.2,904.6,8.94,18.62,4
111.044,82.037,11.128,2.98,75.64,900.7,918.6,116.6,104.5,146.7,882.7,8.82,18.75,4
106.47371951257296,81.437,6.864,3.82,74.81,885.4653920474215,902.8309952,127.3,107.8,146.7,933.1,8.76,18.72,1
106.065,81.999,11.128,2.95,75.62,899.6,914.5,120.5,104,146.6,891.5,8.93,18.63,4
106.384,81.398,6.968,3.24,74.8,909.6,926.2,114.5,104.3,146.6,912.1,8.76,18.81,2
106.323,81.058,6.864,3.16,74.82,908.6,938.2,116.9,104.9,147,933.1,8.81,18.77,1
106.4873969501806,81.471,6.864,3.22,74.82,885.2984746225802,926.3,107.3,106.41873617761064,145.9,937.7,8.68,18.75,1
106.235,81.328,6.968,3.23,74.83,912.5,928.7,115.1,103.3,145.8,906,8.78,18.79,2
105.844,81.132,6.188,3.49,75.74,892.6,912.3,122,105,147,865,8.68,18.88,3
105.944,81.362,6.864,3.1710816451242505,74.82,885.5742131116249,919.9,120.5,88.9,146.7,874.6,8.68,18.73,1
106.226,81.369,6.968,3.22,74.82,916.6,934.5,117.2,105.4,145.6,915.5,8.86,18.71,2
105.822,80.833,6.968,3.19,74.83,917.9,934.5,124.7,110.5,146.6,918.7,8.85,18.72,2
139.897,82.054,11.128,2.97,75.61,901.4,917.9,114.8,102,145.6,877.2,8.86,18.71,4
115.429,82.073,11.128,2.89,75.61,901.1,917.3,115.4,105.8,145.5,905.3,8.96,18.61,4
105.868,81.156,6.188,3.28,75.73,893.9,914.2,114.8,107.3,146.7,903.6,8.79,18.78,2
105.67,81.005,6.239999999999999,3.67,75.73,893.5,913.2,110.3,98.5,146.2,831.7,8.59,18.98,3
105.865,81.196,6.239999999999999,3.34,75.77,891.3,912.9,112.1,103.2,146,881.4,8.74,18.82,3
105.782,80.787,6.968,3.28,74.82,915.6,933.5,114.5,105,145.5,905.8,8.83,18.74,2
106.095,82.086,11.128,2.88,75.65,902.5,919.5,116,105.3,145.9,914.3,8.96,18.61,4
106.323,81.471,6.864,4.08,74.82,879.5145349861236,904,104.6,106.2,148.1,937.7,8.82,18.89,1
105.914,81.239,6.292,3.33,75.73,890.2,914.9,116.9,104.4,145.2,881.5,8.7,18.87,3
106.11,82.084,11.128,2.92,75.67,900,916.9,118.7,104.8,147.2,888.9,8.84,18.73,3
106.17,81.16,6.968,3.2,74.8,912,930.6,116.3,106.2,147.3,913.5,8.75,18.82,2
106.27380145840635,80.617,6.864,3.188311378451911,74.83,878.7879946045472,896.8,118.4,106.7,147,926.5,8.84,18.89,1
105.802,81.194,6.188,3.31,75.74,889.6,916.6,117.8,107.9,146.5,892.7,8.76,18.8,3
106.091,81.998,11.128,2.95,75.61,899.8,918.6,112.4,103.3,146.2,881.8,8.82,18.75,4
106.113,81.493,6.084,2.88,75.66,904.9,921.7,123.5,107.6,145.4,894.2,8.86,18.71,4
105.852,80.558,6.968,3.7,74.8,916.9,933.2,112.1,97.9,145.8,885.3,8.76,18.8,2
106.312,81.399,6.968,3.14,74.8,883.5,900.7,127,107.4,145.8,930.5,8.9,18.67,2
106.028,81.427,6.084,2.9,75.64,908.1,922.5,111.2,104.1,145.5,908.9,8.87,18.7,3
105.803,80.954,6.968,3.19,74.81,901.1,915.8,118.7,105.9,145.2,919.8,8.89,18.67,2
106.071,82.107,10.868,2.93,75.64,902.5,917.5,111.5,104.6,145.7,904,8.98,18.58,4
105.699,80.762,6.864,3.4,74.82,927.6,946.5,120.2,100.3,146.2,904.2,8.75,18.81,1
106.27553858474164,81.343,6.864,4.08,74.81,879.5421498164733,926.3,104.6,106.7,148.1,882.3,8.76,18.76,1
106.169,81.143,7.332,3.11,74.81,921.9,938.7,118.7,110.2,145.3,927.2,8.91,18.66,2
106.439,81.423,6.968,3.22,74.8,878.4,896.6,114.2,105.5,146.2,917.5,8.77,18.79,2
105.944,81.362,7.124,3.1870437438852437,74.81,919.6162597,902.4097502,120.5,106.55706212207755,147,882.3,8.76,18.73,1
105.86,81.106,6.292,3.31,75.76,893.3,916,122.9,108.3,145.9,888.2,8.77,18.8,3
105.505,81.437,6.864,3.189536800277102,74.82,885.7451405880281,935.9,127.3,107.8,145.8,923.9,8.76,18.73,1
106.276,81.325,6.968,3.24,74.83,909.7,926.7,113,103.6,146.1,912.8,8.77,18.8,2
106.1,81.417,6.188,2.86,75.64,906.6,923.4,117.5,106.2,146.7,901.6,8.89,18.68,4
106.084,81.316,6.968,3.23,74.81,910.8,925.8,119.6,104.4,145.7,912.8,8.85,18.72,2
106.072,81.493,6.188,2.87,75.65,905.5,920.8,114.5,107.5,145.5,907.3,8.96,18.61,4
105.944,81.027,6.864,3.1880668330769604,74.81,920.1825320020836,918.2,116.9,104.3,146.1,937.7,8.59,18.71,1
106.064,81.95,11.18,2.95,75.62,901.4,918.8,118.7,105.3,146.5,887.3,8.86,18.71,4
105.944,81.402,6.968,3.184915631640004,74.82,901.6,926.3,127.3,104.9,146.1,922.3,8.76,18.8,1
106.27268351765008,81.362,6.968,3.16,74.82,885.1152200160644,935.9,118.4,107.8,147.6,926.5,8.85,18.75,1
106.015,82.015,11.128,2.95,75.62,899.8,915.3,118.7,102.9,146.1,884.1,8.84,18.72,4
106.12,81.964,10.972,2.86,75.61,901.8,917.7,119.9,104.9,144.9,917.1,9,18.57,4
106.268,81.388,6.968,3.24,74.81,918.8,935.6,117.2,103.8,146.6,911.3,8.81,18.76,2
106.088,81.968,10.972,2.86,75.65,901.1,918.2,117.8,107.2,146.1,897.2,8.88,18.68,3
106.147,81.997,10.868,2.89,75.65,900.9,917.9,113.9,106.4,145.5,914.5,9.02,18.55,4
106.14,81.943,11.128,2.88,75.61,900.9,917.5,115.4,106.7,145.4,895.8,8.9,18.67,4
105.909,81.253,6.292,3.29,75.73,889.8,914.9,114.5,105.5,146.1,898.5,8.78,18.78,3
106.056,81.495,6.188,2.87,75.64,905.5,920.6,118.4,106.9,145.7,906.1,8.93,18.63,4
105.449,81.402,6.968,3.16,74.82,919.8717659741152,935.9,120.5,106.39543665742596,146.1,874.6,8.85,18.8,1
105.449,81.343,6.968,3.82,74.81,879.7846857061851,895.3,113.9,107.3,146.1,933.1,8.82,18.72,1
106.109,81.281,7.02,3.16,74.81,907,926.5,116.9,105.1,145.3,920.5,8.83,18.74,2
105.864,81.199,6.292,3.31,75.76,894.8,913.6,118.1,105,146.1,901.3,8.78,18.79,3
105.947,81.316,6.188,3.37,75.74,895.7,914,109.1,102.6,145.4,879.7,8.72,18.85,3
105.942,81.137,6.968,3.14,74.82,908.1,924.3,116.6,106.8,145.5,927.4,8.87,18.7,2
106.087,82.008,11.128,2.95,75.61,902.2,918.2,115.7,103.3,145.5,881.5,8.79,18.78,4
105.695,81.081,6.292,3.58,75.74,893.7,919.9,115.4,101.7,147.3,841.1,8.63,18.94,3
106.4707986111746,81.162,6.864,3.199749492150708,74.81,920.5600995978546,935.9,127.3,104.3,145.9,930.5,8.8,18.75,1
105.505,81.027,6.864,3.22,74.82,884.8991136193215,904,113.9,104.9,148.1,920.2,8.83,18.76,1
106.019,82,11.232,2.88,75.67,903.3,918,116.9,105.8,146,908.6,8.9,18.66,4
105.587,80.857,6.292,4.13,75.74,894.2,916.9,104.6,91,146.6,810.9,8.54,19.03,3
105.505,81.437,6.864,3.186854420112481,74.81,879.0771621061451,926.3,104.6,106.42419889537535,146,926.5,8.85,18.73,1
106.096,82.145,11.128,2.96,75.64,901.2,915.6,113.6,104,146.6,892.1,8.85,18.71,4
106.43592840783718,81.343,6.864,3.82,74.83,903.1,896.8,107.3,106.40583610448816,145.6,922.3,8.59,18.72,1
106.237,81.162,7.228,3.16,74.83,901.6,904,120.5,106.4939766165743,146.1,882.3,8.82,18.8,1
106.083,81.978,10.972,2.83,75.66,903.8,918,117.5,108.6,145.2,918,9.02,18.55,4
106.039,81.505,6.084,2.92,75.63,903.6,918.8,109.7,103.4,146,895.5,8.9,18.67,4
132.591,82.06,11.128,2.93,75.62,901.1,917.7,112.4,105.1,146.2,885.6,8.86,18.71,4
81.747,80.737,6.968,3.37,74.81,915.3,931.7,116.6,104.6,147.1,909.2,8.83,18.73,2
106.31,81.392,6.968,3.29,74.83,921,938.5,114.2,100.4,145.6,906.9,8.74,18.83,2
106.062,81.945,10.972,2.93,75.64,903.1,918.8,114.2,105.6,145.7,882.4,8.83,18.74,4
105.984,81.222,6.292,3.37,75.73,894.1,914.5,115.4,103.7,145.6,877.6,8.67,18.89,3
106.036,81.384,6.084,2.92,75.62,902.7,919.1,112.4,105,146.2,892.6,8.86,18.71,4
106.218,81.324,6.968,3.2,74.81,916.7,933.4,117.2,106,146.3,912.6,8.79,18.78,2
106.151,81.136,7.851999999999999,3.13,74.81,921.4,938,122,110,146,925.3,8.93,18.64,2
106.27559217948408,81.471,6.968,3.2,74.83,901.6,902.1828224288312,120.5,93.1,145.6,922.3,8.84,18.73,1
105.449,80.411,7.228,4.08,74.83,908.6,904,118.4,106.2,148.1,917.5,8.85,18.73,1
106.237,81.437,6.968,3.16,74.83,885.4747157511855,902.3591863034452,120.5,104.9,146.7,923.9,8.84,18.73,1
105.872,80.919,6.864,3.14,74.81,921.7,938.2,123.5,110.2,145.8,909.6,8.89,18.68,2
106.257,81.27,6.968,3.15,74.8,914.2,927.8,116,107.6,146.2,921.7,8.81,18.76,2
105.867,81.179,6.239999999999999,3.29,75.74,890.5,910.8,121.1,109.1,146.4,895.9,8.83,18.74,3
106.099,82.097,11.128,2.95,75.64,901.2,916.6,116.3,104.7,145.1,895.8,8.92,18.65,4
105.926,81.309,6.239999999999999,3.35,75.73,895.3,913.6,113.3,103.2,145.6,880.6,8.77,18.8,3
106.139,81.288,6.968,3.18,74.82,912.5,927.1,118.4,105.2,145.8,915.1,8.83,18.74,2
106.212,81.324,6.968,3.23,74.82,914.4,929.1,114.8,104.8,145.5,907.9,8.78,18.78,2
105.944,81.343,7.124,3.82,74.82,885.5762529072632,926.3,118.4,106.2,146,874.6,8.83,18.71,1
105.935,81.312,6.188,3.27,75.74,890.7,911,114.2,106.4,147.8,898.8,8.83,18.74,3
106.101,81.394,6.188,2.89,75.66,904.4,921,113.9,106.2,145.5,894.7,8.87,18.7,4
106.149,82.04,11.128,2.92,75.6,900.9,916.9,117.8,106,145.4,888.9,8.83,18.74,4
106.29,81.307,6.968,3.23,74.81,913.8,927.8,118.7,104.4,146.4,910.6,8.8,18.77,2
105.9,81.203,6.292,3.32,75.73,891.8,912.1,121.1,106.3,146.9,890.9,8.75,18.81,3
106.112,82.036,11.128,2.98,75.63,900.9,915.1,118.1,103.6,145,882.8,8.79,18.77,4
106.246,81.376,6.968,3.26,74.82,910.1,928.7,116,103.4,146.4,908.8,8.77,18.8,2
106.27542673722532,81.027,6.864,4.08,74.81,885.3072658388108,896.8,120.5,88.9,145.8,926.5,8.76,18.73,1
105.882,81.29,6.292,3.41,75.75,890.7,912.3,115.4,103.7,145.8,875.4,8.67,18.9,3
106.385,81.432,7.124,3.22,74.81,880,895.5,121.7,106.1,145.9,924.8,8.79,18.78,1
106.304,81.392,6.864,3.29,74.82,911.6,926,117.2,102.1,145.3,903,8.8,18.77,2
106.129,81.957,11.128,2.96,75.65,900,917.1,113.9,103.8,146.3,871.5,8.8,18.77,4
106.337,81.382,6.968,3.3,74.81,912.3,927.5,117.8,103.4,148.7,904.8,8.8,18.76,2
106.237,81.362,6.864,3.16,74.83,879.3233100784191,901.9444551746656,104.6,107.8,147,882.3,8.81,18.77,1
106.247,81.338,6.864,3.19,74.82,918.6,935,113.9,104.6,145.3,916.2,8.83,18.74,2
108.451,82.113,11.128,2.96,75.62,902.5,918.2,124.7,104.4,145.8,876.4,8.78,18.79,4
106.27280603310146,81.343,7.228,3.16,74.82,885.1536783067113,895.3,116.9,107.8,145.8,922.3,8.59,18.73,1
105.449,81.343,6.864,3.1884218313767705,74.82,908.6,895.3,120.5,107.8,147.6,926.5,8.83,18.8,1
105.505,81.058,6.968,3.22,74.83,920.2642832115016,918.2,118.4,107.8,147,922.3,8.83,18.98,1
105.557,80.976,6.292,4.42,75.74,901.2,924.1,101.9,87.1,146.6,841.5,8.63,18.93,3
105.443,80.666,6.188,5.94,75.74,893.5,917.3,97.4,81.1,146.4,829.6,8.59,18.98,3
105.97,81.279,6.292,3.38,75.73,895,913.8,110.3,102.9,145.6,875.1,8.67,18.9,3
106.223,81.337,6.968,3.26,74.81,913.1,927.1,113,102.9,145.3,912.6,8.77,18.8,2
106.069,81.528,7.384,2.87,75.63,904.9,920.4,117.2,107.9,146.8,913.8,8.96,18.6,4
130.9,82.002,11.128,2.96,75.62,900.9,916.9,113.6,104.6,146.6,876.1,8.76,18.8,4
106.237,81.027,6.864,3.1822423033202467,74.83,920.6524239039172,918.2,120.5,104.3,146.7,874.6,8.85,18.89,1
106.211,81.356,6.968,3.19,74.81,913.2,929.3,116.6,104.9,145.6,921.9,8.82,18.75,2
105.978,80.894,6.968,3.15,74.81,921.2,938.5,120.2,109.9,146.8,913.6,8.86,18.71,2
106.27337226762886,80.617,6.864,3.190858546942602,74.83,903.1,926.3,120.5,107.3,148.1,920.2,8.76,18.77,1
105.917,81.161,6.188,3.41,75.75,895.5,914.7,117.2,104,146.4,866.5,8.77,18.8,3
105.449,81.058,7.124,3.1758927300074054,74.81,901.6,935.9,113.9,104.3,148.1,874.6,8.81,18.71,1
105.944,81.162,7.124,4.08,74.82,919.7647660923652,926.3,107.3,107.8,146.7,917.5,8.84,18.71,1
105.89,81.102,6.188,3.37,75.74,892.4,912.3,116.6,107.8,147.1,877.2,8.73,18.84,2
106.2751909152374,80.617,6.864,3.16,74.83,919.9111723512796,919.9,120.5,107.3,145.8,920.2,8.81,18.72,1
105.923,81.22,6.292,3.34,75.75,889.6,914.2,119.3,107.6,146.2,897.9,8.74,18.82,3
105.948,80.929,6.968,3.19,74.81,905.1,921,116.3,105.6,145.7,913.2,8.83,18.73,2
105.967,81.126,7.02,3.22,74.83,907.7,923.8,119.6,104.4,145.7,917.6,8.83,18.73,2
106.076,82.012,11.128,2.89,75.65,900.1,916.9,114.8,106.5,145,901.7,8.91,18.66,4
106.536,81.475,6.968,3.2,74.82,880.4,896.8,113.9,104.7,146.3,915.8,8.8,18.76,2
106.096,81.396,6.084,2.86,75.61,904.9,920.6,120.8,107,145.5,907.6,8.94,18.62,4
105.833,81.009,6.239999999999999,3.49,75.73,891.8,914.7,110.3,101.4,145.8,862.4,8.68,18.89,3
105.952,80.942,6.864,3.14,74.81,921,938.7,122.9,110.7,149.2,922.4,8.83,18.73,2
106.36,81.38,6.968,3.23,74.81,919.7,936.7,115.7,104.1,145.4,912,8.83,18.74,2
105.728,80.995,6.292,3.51,75.76,895,917.9,113.3,101.7,146.6,861.3,8.66,18.9,4
106.232,81.26,6.864,3.2,74.83,911.6,928.6,117.2,104.7,146.3,910.2,8.81,18.75,2
105.449,80.411,6.968,3.189244993662931,74.82,885.2852523937066,896.8,116.9,106.51484116160532,147,923.9,8.8,18.77,1
106.106,81.145,6.968,3.17,74.81,909.4,923.8,113,105.4,145.7,929.3,8.85,18.71,1
121.653,80.896,6.864,3.15,74.79,919.5,937,119,110.4,145.9,921.8,8.91,18.66,2
106.304,81.361,6.968,3.24,74.81,885.2,902.2,119.3,104.3,146.3,913.5,8.81,18.76,2
106.088,81.408,6.084,2.85,75.62,904,919.5,117.5,105.9,146,894.8,8.88,18.69,4
105.505,81.058,6.864,3.16,74.82,886.9,919.9,107.3,104.9,145.6,920.2,8.8,18.71,1
106.088,82.045,11.18,2.98,75.61,900.9,918.4,109.7,101.9,145.6,867.3,8.79,18.78,4
106.44910222573404,80.411,7.228,3.1887942104861344,74.82,919.4585055315388,895.3,113.9,88.9,145.9,930.5,8.8,18.75,1
106.088,81.441,6.084,2.87,75.64,905.5,922.8,123.2,106.4,145.4,907.5,8.95,18.61,4
106.164,81.221,6.968,3.2,74.81,908.8,926.5,113.6,104.5,146.7,921.3,8.86,18.71,2
105.656,80.874,6.292,3.78,75.73,901.2,922.1,115.7,97.3,146.2,833.8,8.56,19,3
106.231,81.301,6.968,3.17,74.83,909.2,927.1,118.4,103.7,145.4,916,8.84,18.73,2
106.167,81.274,6.968,3.2,74.84,910.5,926.3,122.3,105.6,145.7,932.8,8.87,18.69,2
105.903,81.229,6.188,3.28,75.73,895,914,119.6,109,146.1,898.5,8.74,18.82,3
106.033,81.469,6.188,2.87,75.62,904.8,920.6,121.4,107.4,146.1,918.7,9.03,18.54,4
106.159,82.057,11.128,2.92,75.65,900.3,916.9,113,105,146.4,892.7,8.81,18.75,4
105.449,81.437,6.968,3.193954249942787,74.82,908.6,919.9,104.6,106.7,148.1,933.1,8.85,18.98,1
106.099,80.887,7.332,3.09,74.81,924.3,937.2,117.8,110.3,145.9,925.6,8.92,18.65,2
98.434,81.073,7.228,3.15,74.81,918.8,937.2,121.7,109.5,145.9,915,8.92,18.65,2
106.46933410935704,80.617,6.864,3.16,74.81,901.6,895.3,120.5,107.8,145.8,937.7,8.81,18.76,1
106.026,81.456,6.084,2.87,75.63,906.8,922.5,122.3,106.6,144.9,905.6,8.92,18.65,4
106.22,81.308,6.968,3.22,74.81,914.4,931.1,108.5,101.4,145.3,915.1,8.8,18.77,2
106.058,81.962,11.128,2.98,75.64,901.6,916.7,113.3,102.8,146.1,883.9,8.82,18.74,4
105.813,81.142,6.292,3.32,75.74,891.7,911.8,123.5,108.5,146.1,882.5,8.75,18.82,3
106.049,82.025,11.128,2.92,75.64,900.7,918.4,115.1,105.2,144.9,901.6,8.88,18.69,4
106.323,81.362,6.968,3.82,74.83,919.7246798640996,938.2,120.5,93.1,146.7,933.1,8.8,18.72,1
108.712,80.777,6.968,3.24,74.81,917.9,933,116.9,108.5,145.9,909.8,8.84,18.73,2
106.27713516920927,81.471,7.228,3.16,74.82,879.2119500769754,938.2,127.3,106.49131287197312,145.9,882.3,8.8,18.8,1
106.015,81.422,6.188,2.89,75.66,906,922.8,116,104.7,145.3,910.5,8.94,18.63,4
106.315,81.285,6.864,3.17,74.8,910.8,925.4,114.8,104.2,146.3,910.6,8.86,18.71,2
135.454,80.897,6.864,3.11,74.81,920.8,939.1,121.1,109,146.4,912.6,8.87,18.7,2
105.85,81.168,6.188,3.32,75.75,892.9,914.2,121.7,108.2,146.7,897.6,8.83,18.74,3
106.371,81.413,6.968,3.17,74.83,883.7,901.1,115.1,105,147.6,921.8,8.82,18.75,1
106.323,81.343,6.864,3.16,74.82,919.8156932,902.8524062,120.5,88.9,147,920.2,8.82,18.72,1
105.768,81.062,6.188,3.64,75.76,895.2,916.6,113,99,147.5,835.5,8.6,18.97,3
106.105,81.991,11.128,2.9,75.61,901.8,917.3,120.2,105.6,145.5,892.2,8.88,18.69,4
105.906,81.186,6.188,3.3,75.74,888.9,911.6,125.8,107.5,146.1,886.1,8.73,18.84,3
106.464,81.362,7.124,3.23,74.83,880.8,895.9,115.1,104.4,146.7,923.7,8.82,18.75,1
106.153,81.172,6.968,3.17,74.81,909.6,926.9,121.1,106.2,145.3,920.6,8.85,18.72,2
106.183,81.388,6.864,3.25,74.81,912,929.5,116.3,104,145.6,910.1,8.8,18.77,2
105.646,81.017,6.292,4.03,75.75,898.9,922.5,104,91.8,146.7,839.6,8.63,18.93,3
105.626,80.947,6.292,3.86,75.77,900.9,921.9,108.5,94,145.8,824.3,8.53,19.03,3
105.501,80.853,6.292,4.11,75.71,899.4,924.1,107.3,90.1,146.4,808.4,8.5,19.06,3
105.925,81.057,6.188,3.31,75.76,892.8,914.5,116.9,105.4,146.1,893.6,8.82,18.75,3
106.163,81.399,6.188,2.83,75.65,906.2,919.7,115.7,108.1,145.6,904.4,8.97,18.6,4
105.944,81.437,6.864,3.16,74.83,885.2521911879403,918.2,120.5,88.9,146,937.7,8.59,18.76,1
